[
    {
        "method": "addIndex",
        "params": [
            "cms_templates",
            {
                "type": "key",
                "name": "template_location",
                "columns": [
                    "template_location",
                    "template_user_edited"
                ],
                "length": [
                    250,
                    null
                ]
            }
        ]
    },
    {
        "method": "addIndex",
        "params": [
            "cms_templates",
            {
                "type": "key",
                "name": "template_key",
                "columns": [
                    "template_key"
                ],
                "length": [
                    250
                ]
            }
        ]
    },
    {
        "method": "addIndex",
        "params": [
            "cms_templates",
            {
                "type": "key",
                "name": "template_type",
                "columns": [
                    "template_type",
                    "template_user_edited"
                ],
                "length": [
                    null,
                    null
                ]
            }
        ]
    },
    {
        "method": "addIndex",
        "params": [
            "cms_database_comments",
            {
                "type": "key",
                "name": "comment_approved",
                "columns": [
                    "comment_approved"
                ],
                "length": [
                    null
                ]
            }
        ]
    },
    {
        "method": "addIndex",
        "params": [
            "cms_database_reviews",
            {
                "type": "key",
                "name": "review_approved",
                "columns": [
                    "review_approved"
                ],
                "length": [
                    null
                ]
            }
        ]
    },
    {
        "method": "addIndex",
        "params": [
            "cms_database_reviews",
            {
                "type": "key",
                "name": "review_ip",
                "columns": [
                    "review_ip_address"
                ],
                "length": [
                    null
                ]
            }
        ]
    },
    {
        "method": "addIndex",
        "params": [
            "cms_database_reviews",
            {
                "type": "key",
                "name": "review_author",
                "columns": [
                    "review_author"
                ],
                "length": [
                    null
                ]
            }
        ]
    }
]