{
    "20000": "2.0.0 Beta 1",
    "20001": "2.0.0 Beta 2",
    "20002": "2.0.0 Beta 3",
    "20003": "2.0.0 RC 1",
    "20004": "2.0.0 RC 2",
    "20005": "2.0.0",
    "20006": "2.0.1",
    "20007": "2.0.2",
    "20008": "2.0.3",
    "20009": "2.0.4",
    "21000": "2.1.0 Beta 1",
    "21001": "2.1.0 RC 1",
    "21002": "2.1.0 RC 2",
    "21003": "2.1.0",
    "22000": "2.2.0 Beta 1",
    "22001": "2.2.0 Beta 2",
    "22002": "2.2.0 Beta 3",
    "22003": "2.2.0",
    "22004": "2.2.1",
    "22005": "2.2.2",
    "23000": "2.3.0",
    "23001": "2.3.1",
    "23002": "2.3.2",
    "24000": "2.4.0 Beta 1",
    "24001": "2.4.0 Beta 2",
    "24002": "2.4.0",
    "24003": "2.4.1",
    "25000": "2.5.0 Alpha",
    "25001": "2.5.0 Beta 1",
    "25002": "2.5.0 Beta 2",
    "25003": "2.5.0",
    "25004": "2.5.1",
    "25005": "2.5.2",
    "26000": "2.6.0 Beta 1",
    "26001": "2.6.0 Beta 2",
    "26002": "2.6.0",
    "26003": "2.6.1",
    "26004": "2.6.2",
    "26005": "2.6.3",
    "40000": "4.0.0",
    "100000": "4.0.0 Beta 0",
    "100001": "4.0.0 Beta 1",
    "100002": "4.0.0 Beta 2",
    "100003": "4.0.0 Beta 3",
    "100004": "4.0.0 Beta 3a",
    "100005": "4.0.0 Beta 4",
    "100006": "4.0.0 Beta 4a",
    "100007": "4.0.0 Beta 4b",
    "100008": "4.0.0 Beta 5",
    "100009": "4.0.0 Beta 5a",
    "100010": "4.0.0 Beta 6",
    "100011": "4.0.0 Beta 7",
    "100012": "4.0.0 Beta 7a",
    "100013": "4.0.0 Beta 8",
    "100014": "4.0.0 RC 1",
    "100015": "4.0.0 RC2",
    "100016": "4.0.0 RC3",
    "100017": "4.0.0 RC4",
    "100018": "4.0.0 RC5",
    "100019": "4.0.0 RC5a",
    "100020": "4.0.0 RC6",
    "100021": "4.0.0 RC7",
    "100022": "4.0.0 RC7a",
    "100023": "4.0.0",
    "100024": "4.0.1",
    "100025": "4.0.2",
    "100026": "4.0.3",
    "100027": "4.0.4"
}