[
    {
        "method": "addColumn",
        "params": [
            "blog_entries",
            {
                "name": "entry_hidden_comments",
                "type": "INT",
                "length": 10,
                "decimals": null,
                "values": [],
                "allow_null": true,
                "default": null,
                "comment": "",
                "unsigned": true,
                "zerofill": false,
                "auto_increment": false,
                "binary": false
            }
        ]
    }
]