[
    {
        "method": "insert",
        "params": [
            "core_permission_index",
            {
                "app": "calendar",
                "perm_type": "calendar",
                "perm_type_id": 1,
                "perm_view": "*",
                "perm_2": "*",
                "perm_3": "<%NO_GUESTS%>",
                "perm_4": "<%NO_GUESTS%>",
                "perm_5": "<%NO_GUESTS%>",
                "perm_6": "<%NO_GUESTS%>",
                "perm_7": "<%NO_GUESTS%>"
            }
        ]
    },
    {
        "method": "insert",
        "params": [
            "core_sys_lang_words",
            {
                "lang_id": "1",
                "word_app": "calendar",
                "word_key": "calendar_calendar_1",
                "word_default": "Community Calendar",
                "word_custom": "Community Calendar",
                "word_export": "0"
            }
        ]
    }
]