{
    "overview": {
        "dashboard": {
            "tab": "core",
            "controller": "dashboard",
            "do": "",
            "restriction": null
        },
        "security": {
            "tab": "core",
            "controller": "security",
            "do": "",
            "restriction": "security_manage"
        },
        "files": {
            "tab": "core",
            "controller": "files",
            "do": "",
            "restriction": "files_view"
        }
    },
    "applications": {
        "applications": {
            "tab": "core",
            "controller": "applications",
            "do": "",
            "restriction": "app_manage"
        },
        "enhancements": {
            "tab": "core",
            "controller": "enhancements",
            "do": "",
            "restriction": "enhancements_manage"
        },
        "plugins": {
            "tab": "core",
            "controller": "plugins",
            "do": "",
            "restriction": "plugins_view"
        }
    },
    "settings": {
        "general": {
            "tab": "core",
            "controller": "general",
            "do": "",
            "restriction": "general_manage"
        },
        "licensekey": {
            "tab": "core",
            "controller": "licensekey",
            "do": "",
            "restriction": "licensekey_manage"
        },
        "terms": {
            "tab": "core",
            "controller": "terms",
            "do": "",
            "restriction": "terms_manage"
        },
        "posting": {
            "tab": "core",
            "controller": "posting",
            "do": "",
            "restriction": "posting_manage"
        },
        "email": {
            "tab": "core",
            "controller": "email",
            "do": "",
            "restriction": "email_manage"
        },
        "login": {
            "tab": "core",
            "controller": "login",
            "do": "",
            "restriction": "login_manage"
        },
        "advanced": {
            "tab": "core",
            "controller": "advanced",
            "do": "",
            "restriction": ""
        },
        "search": {
            "tab": "core",
            "controller": "search",
            "do": "",
            "restriction": null
        }
    },
    "promotion": {
        "advertisements": {
            "tab": "core",
            "controller": "advertisements",
            "do": "",
            "restriction": "advertisements_manage"
        },
        "seo": {
            "tab": "core",
            "controller": "seo",
            "do": "",
            "restriction": "seo_manage"
        },
        "sharelinks": {
            "tab": "core",
            "controller": "sharelinks",
            "do": "",
            "restriction": "sharelinks_manage"
        }
    },
    "members": {
        "members": {
            "tab": "members",
            "controller": "members",
            "do": "",
            "restriction": null
        },
        "groups": {
            "tab": "members",
            "controller": "groups",
            "do": "",
            "restriction": "groups_manage"
        },
        "ip": {
            "tab": "members",
            "controller": "ip",
            "do": "",
            "restriction": "membertools_ip"
        }
    },
    "membersettings": {
        "registration": {
            "tab": "members",
            "controller": "registration",
            "do": "",
            "restriction": "registration_manage"
        },
        "spam": {
            "tab": "members",
            "controller": "spam",
            "do": "",
            "restriction": "spam_manage"
        },
        "profiles": {
            "tab": "members",
            "controller": "profiles",
            "do": "",
            "restriction": "profiles_manage"
        },
        "reputation": {
            "tab": "members",
            "controller": "reputation",
            "do": "",
            "restriction": "reps_manage"
        },
        "warnings": {
            "tab": "members",
            "controller": "warnings",
            "do": "",
            "restriction": "warn_settings"
        },
        "notifications": {
            "tab": "members",
            "controller": "notifications",
            "do": "",
            "restriction": "notifications_manage"
        },
        "ban": {
            "tab": "members",
            "controller": "ban",
            "do": "",
            "restriction": "ban_manage"
        },
        "ranks": {
            "tab": "members",
            "controller": "ranks",
            "do": "",
            "restriction": "ranks_manage"
        }
    },
    "staff": {
        "moderators": {
            "tab": "members",
            "controller": "moderators",
            "do": "",
            "restriction": "moderators_manage"
        },
        "admin": {
            "tab": "members",
            "controller": "admin",
            "do": "",
            "restriction": "restrictions_manage"
        },
        "directory": {
            "tab": "members",
            "controller": "directory",
            "do": "",
            "restriction": "leaders_manage"
        }
    },
    "bulkmail": {
        "bulkmail": {
            "tab": "members",
            "controller": "bulkmail",
            "do": "",
            "restriction": "bulkmail_manage"
        }
    },
    "customization": {
        "themes": {
            "tab": "customization",
            "controller": "themes",
            "do": "",
            "restriction": "theme_templates_manage"
        },
        "emails": {
            "tab": "customization",
            "controller": "emails",
            "do": "",
            "restriction": "emails_manage"
        }
    },
    "editor": {
        "toolbar": {
            "tab": "customization",
            "controller": "toolbar",
            "do": "",
            "restriction": "toolbar_manage"
        },
        "emoticons": {
            "tab": "customization",
            "controller": "emoticons",
            "do": "",
            "restriction": "emoticons_manage"
        }
    },
    "languages": {
        "languages": {
            "tab": "customization",
            "controller": "languages",
            "do": "",
            "restriction": "languages_manage"
        }
    },
    "support": {
        "dashboard": {
            "tab": "core",
            "controller": "support",
            "do": "&_new=1",
            "restriction": "get_support"
        }
    },
    "stats": {
        "registrationstats": {
            "tab": "stats",
            "controller": "registrationstats",
            "do": "",
            "restriction": "registrations_manage"
        },
        "pmstats": {
            "tab": "stats",
            "controller": "pmstats",
            "do": "",
            "restriction": null
        }
    }
}