{"app=core&module=settings&controller=posting&tab=urlFilters":{"lang_key":"ipb_url_filter_option","restriction":"posting_manage_url","keywords":["urls","blacklist","whitelist","links"]},"app=core&module=settings&controller=posting&searchResult=attachment_image_dimensions":{"lang_key":"attachment_image_size","restriction":"posting_manage","keywords":["attach","attachments","maximum","image","size","maximum image size"]},"app=core&module=members&controller=ip":{"lang_key":"menu__core_members_ip","restriction":"membertools_ip","keywords":["address","lookup","IP"]},"app=core&module=overview&controller=security&do=settings&searchResult=form_match_ipaddress":{"lang_key":"match_ipaddress","restriction":"security_manage","keywords":["session","ip address"]},"app=core&module=overview&controller=security&do=settings&searchResult=form_security_remove_acp_link":{"lang_key":"security_remove_acp_link","restriction":"security_manage","keywords":["acp","admin cp","admincp"]},"app=core&module=membersettings&controller=spam&searchResult=guest_captcha":{"lang_key":"guest_captcha_search_target","restriction":"spam_manage","keywords":["delete guest content","guest posts","guest content","delete guest posts"]},"app=core&module=editor&controller=emoticons":{"lang_key":"menu__core_editor_emoticons","restriction":"emoticons_manage","keywords":["emoticons","smilies","smileys"]},"app=core&module=customization&controller=themes":{"lang_key":"menu__core_customization_themes","restriction":"theme_sets_manage","keywords":["themes","skins","look","design"]},"app=core&module=membersettings&controller=ban":{"lang_key":"menu__core_membersettings_ban","restriction":"ban_manage","keywords":["username","email","register","banned","bans","ip address"]},"app=core&module=membersettings&controller=warnings&do=settings&searchResult=warnings_acknowledge":{"lang_key":"warnings_acknowledge","restriction":"warn_settings","keywords":["acknowledge"]},"app=core&module=membersettings&controller=warnings&do=settings&searchResult=warn_protected":{"lang_key":"warn_protected","restriction":"warn_settings","keywords":["no warnings","protected"]},"app=core&module=membersettings&controller=warnings&do=settings&searchResult=warn_show_own":{"lang_key":"warn_show_own","restriction":"warn_settings","keywords":["own"]},"app=core&module=membersettings&controller=reputation&searchResult=reputation_show_profile":{"lang_key":"reputation_show_profile","restriction":"reps_manage","keywords":["show likes","show reputation"]},"app=core&module=membersettings&controller=reputation&searchResult=reputation_can_self_vote":{"lang_key":"reputation_can_self_vote","restriction":"reps_settings","keywords":["like own","self","own","like self","reputation self","rep self","self reputation"]},"app=core&module=membersettings&controller=reputation&searchResult=reputation_highlight":{"lang_key":"reputation_highlight","restriction":"reps_manage","keywords":["popular"]},"app=core&module=membersettings&controller=reputation&searchResult=reputation_protected_groups":{"lang_key":"reputation_protected_groups","restriction":"reps_settings","keywords":["no likes","protected","no reputation"]},"app=core&module=membersettings&controller=reputation&searchResult=reputation_show_content":{"lang_key":"reputation_show_content","restriction":"reps_settings","keywords":["show reputation","show likes"]},"app=core&module=membersettings&controller=profiles&tab=settings&searchResult=profile_comment_approval":{"lang_key":"profile_comment_approval","restriction":"profiles_manage","keywords":["profile statuses","profile comments"]},"app=core&module=membersettings&controller=profiles&tab=settings&searchResult=form_profile_comments":{"lang_key":"profile_comments","restriction":"profiles_manage","keywords":["profile comments","profile statuses"]},"app=core&module=membersettings&controller=profiles&tab=settings&searchResult=form_signatures_enabled":{"lang_key":"signatures_enabled","restriction":"profiles_manage","keywords":["signatures"]},"app=core&module=membersettings&controller=profiles&tab=settings&searchResult=form_max_user_name_length":{"lang_key":"max_user_name_length","restriction":"profiles_manage","keywords":["username length"]},"app=core&module=membersettings&controller=profiles&tab=settings&searchResult=form_username_characters":{"lang_key":"username_characters","restriction":"profiles_manage","keywords":["username characters"]},"app=core&module=membersettings&controller=spam&tab=qanda":{"lang_key":"qanda_settings","restriction":"qanda_manage","keywords":["registration","answers","question","challenge"]},"app=core&module=membersettings&controller=spam&tab=service":{"lang_key":"enhancements__core_SpamMonitoring","restriction":"spam_manage","keywords":["ips spam service","ips spam monitor","ips spam monitoring"]},"app=core&module=support&controller=systemLogs":{"lang_key":"system_logs","restriction":"support_dashboard","keywords":["sql error log","system log","sql log","driver error"]},"app=core&module=membersettings&controller=registration&searchResult=use_coppa":{"lang_key":"use_coppa","restriction":"registration_manage","keywords":["coppa"]},"app=core&module=support&controller=errorLogs":{"lang_key":"error_logs","restriction":"support_dashboard","keywords":["error log","errors"]},"app=core&module=support&controller=sql":{"lang_key":"sql_toolbox","restriction":"sql_toolbox","keywords":["sql toolbox"]},"app=core&module=support&controller=dashboard":{"lang_key":"menu__core_support_dashboard","restriction":"support_dashboard","keywords":["troubleshoot","documentation","diagnose","system","diagnostics","server","phpinfo","technical support","help","tech support","support"]},"app=core&module=settings&controller=search":{"lang_key":"menu__core_settings_search","restriction":"search_manage","keywords":["fulltext","sphinx","search"]},"app=core&module=settings&controller=posting&tab=polls":{"lang_key":"polls","restriction":"posting_manage_polls","keywords":["vote","polls","question"]},"app=core&module=settings&controller=terms":{"lang_key":"menu__core_settings_terms","restriction":"terms_manage","keywords":["legal","rules","guidelines","conditions","terms","privacy policy"]},"app=core&module=settings&controller=advanced&tab=settings&searchResult=task_use_cron":{"lang_key":"task_use_cron","restriction":"advanced_manage_server","keywords":["cronjob","cron job"]},"app=core&module=settings&controller=advanced&tab=settings&searchResult=cache_guest_page":{"lang_key":"cache_guest_page","restriction":"advanced_manage_server","keywords":["output cache","guest cache","cache"]},"app=core&module=settings&controller=advanced&tab=furl":{"lang_key":"furls_customize","restriction":"advanced_manage_furls","keywords":["seo","furl","friendly"]},"app=core&module=settings&controller=advanced&tab=datastore&searchResult=cache_method":{"lang_key":"cache_method","restriction":"datastore","keywords":["redis","memcached","xcache","wincache","apc","eaccelerator"]},"app=core&module=settings&controller=posting&tab=tags":{"lang_key":"tags","restriction":"posting_manage_tags","keywords":["tagging","tags","prefixes"]},"app=core&module=settings&controller=advanced&tab=datastore":{"lang_key":"data_store","restriction":"datastore","keywords":["storage"]},"app=core&module=settings&controller=posting&searchResult=form_topic_redirect_prune":{"lang_key":"topic_redirect_prune","restriction":"posting_manage","keywords":["shadow topics","moved links"]},"app=core&module=settings&controller=posting&searchResult=form_flood_control":{"lang_key":"flood_control","restriction":"posting_manage","keywords":["flood control"]},"app=core&module=settings&controller=posting&searchResult=strip_quotes":{"lang_key":"strip_quotes","restriction":"posting_manage","keywords":["quotes","nested","quoting"]},"app=core&module=settings&controller=licensekey":{"lang_key":"menu__core_settings_licensekey","restriction":"licensekey_manage","keywords":["license key"]},"app=core&module=settings&controller=general&searchResult=form_show_home_link":{"lang_key":"show_home_link","restriction":"general_manage","keywords":["breadcrumb","navigation"]},"app=core&module=settings&controller=general&searchResult=form_site_address":{"lang_key":"site_address","restriction":"general_manage","keywords":["address","mail"]},"app=core&module=settings&controller=general&searchResult=form_board_name":{"lang_key":"board_name","restriction":"general_manage","keywords":["community name","website name","site name"]},"app=core&module=overview&controller=files&do=imagesettings&searchResult=form_image_jpg_quality":{"lang_key":"image_jpg_quality","restriction":"files_view","keywords":["jpeg","jpg"]},"app=core&module=overview&controller=files&do=imagesettings&searchResult=image_png_quality_gd":{"lang_key":"image_png_quality_gd","restriction":"files_view","keywords":["png"]},"app=core&module=overview&controller=files&do=imagesettings":{"lang_key":"menu__core_overview_files","restriction":"files_view","keywords":["gd","imagemagick"]},"app=core&module=applications&controller=enhancements":{"lang_key":"menu__core_applications_enhancements","restriction":"enhancements_manage","keywords":["mandrill","viglink","maxmind","maps","analytics","spam","geo","enhancements"]},"app=core&module=promotion&controller=seo":{"lang_key":"menu__core_promotion_seo","restriction":"seo_manage","keywords":["analytics","furl","search engine optimization","search","seo"]},"app=core&module=settings&controller=email":{"lang_key":"menu__core_settings_email","restriction":"email_manage","keywords":["address","email","mail","email logo","smtp"]},"app=core&module=membersettings&controller=profiles&tab=settings&searchResult=form_allow_gravatars":{"lang_key":"allow_gravatars","restriction":"profiles_manage","keywords":["gravatar"]},"app=core&module=settings&controller=posting&tab=urlFilters&searchResult=posts_add_nofollow":{"lang_key":"posts_add_nofollow","restriction":"posting_manage","keywords":["nofollow","pagerank"]},"app=core&module=settings&controller=posting&tab=urlFilters&searchResult=ipb_url_blacklist":{"lang_key":"ipb_url_blacklist","restriction":"posting_manage","keywords":["blacklist"]},"app=core&module=membersettings&controller=notifications":{"lang_key":"menu__core_membersettings_notifications","restriction":"notifications_manage","keywords":["notifications"]},"app=core&module=membersettings&controller=ranks":{"lang_key":"menu__core_membersettings_ranks","restriction":"ranks_manage","keywords":["titles","ranks","badges"]},"app=core&module=membersettings&controller=reputation":{"lang_key":"menu__core_membersettings_reputation","restriction":"reps_manage","keywords":["reputation","likes","karma"]},"app=core&module=membersettings&controller=spam&tab=captcha":{"lang_key":"spamprevention_captcha","restriction":"spam_manage","keywords":["captcha","recaptcha","keycaptcha"]},"app=core&module=membersettings&controller=spam":{"lang_key":"menu__core_membersettings_spam","restriction":"spam_manage","keywords":["spammers","spam"]},"app=core&module=membersettings&controller=spam&tab=flagging":{"lang_key":"spamprevention_flagging","restriction":"spam_manage","keywords":["flagging"]},"app=core&module=overview&controller=security":{"lang_key":"menu__core_overview_security","restriction":"security_manage","keywords":["conf","hack","security","acp","admin","http","htaccess"]},"app=core&module=membersettings&controller=warnings":{"lang_key":"menu__core_membersettings_warnings","restriction":"warn_settings","keywords":["actions","warnings","reasons","acknowledge"]},"app=core&module=membersettings&controller=registration":{"lang_key":"menu__core_membersettings_registration","restriction":"registration_manage","keywords":["coppa","validation","registration","approve","validate","confirmation"]},"app=core&module=overview&controller=files":{"lang_key":"menu__core_overview_files","restriction":"files_view","keywords":["attachments","files","uploads","storage"]},"app=core&module=overview&controller=files&do=settings":{"lang_key":"menu__core_overview_files","restriction":"files_view","keywords":["files","uploads","storage","photos","amazon","ftp"]},"app=core&module=applications&controller=applications":{"lang_key":"menu__core_applications_applications","restriction":"app_manage","keywords":["applications","online","modules","offline","install"]},"app=core&module=applications&controller=plugins":{"lang_key":"menu__core_applications_plugins","restriction":"plugins_view","keywords":["install","plugins","hooks","modification","mod","add-ons","addons"]},"app=core&module=promotion&controller=sharelinks":{"lang_key":"menu__core_promotion_sharelinks","restriction":"sharelinks_manage","keywords":["share links","linkedin","google","digg","facebook","delicious","stumbleupon","reddit","twitter"]},"app=core&module=promotion&controller=seo&tab=sitemap":{"lang_key":"seo_tab_sitemap","restriction":"seo_manage","keywords":["sitemap","site map","google","priority","xml"]},"app=core&module=promotion&controller=seo&tab=metatags":{"lang_key":"seo_tab_metatags","restriction":"seo_manage","keywords":["meta tags","keywords","description","robots"]},"app=core&module=promotion&controller=advertisements":{"lang_key":"menu__core_promotion_advertisements","restriction":"advertisements_manage","keywords":["ads","adverts","advertisements","google","adsense","adwords"]},"app=core&module=settings&controller=posting&searchResult=form_edit_log":{"lang_key":"edit_log","restriction":"posting_manage","keywords":["edit log","editing"]},"app=core&module=settings&controller=posting&tab=profanityFilters":{"lang_key":"profanity","restriction":"posting_manage_profanity","keywords":["profanity","swear words","bad words"]},"app=core&module=settings&controller=posting&tab=acronymExpansion":{"lang_key":"acronym_expansion","restriction":"posting_manage_acronym","keywords":["acronyms","abbreviations"]},"app=core&module=settings&controller=login":{"lang_key":"menu__core_settings_login","restriction":"login_manage","keywords":["microsoft","login","ips connect","facebook","twitter","windows","https","google","accounts","locking","ldap"]},"app=core&module=settings&controller=general&searchResult=form_copyright_line":{"lang_key":"copyright_line","restriction":"general_manage","keywords":["copyright","license"]},"app=core&module=members&controller=groups":{"lang_key":"menu__core_members_groups","restriction":"groups_manage","keywords":["groups"]},"app=core&module=bulkmail&controller=bulkmail":{"lang_key":"menu__core_bulkmail_bulkmail","restriction":"bulkmail_manage","keywords":["announce","email","bulk","newsletter","mass","mail","mandrill"]},"app=core&module=staff&controller=moderators":{"lang_key":"menu__core_staff_moderators","restriction":"moderators_manage","keywords":["moderators","staff"]},"app=core&module=staff&controller=directory":{"lang_key":"menu__core_staff_directory","restriction":"leaders_manage","keywords":["staff","leaders","moderators"]},"app=core&module=customization&controller=emails":{"lang_key":"menu__core_customization_emails","restriction":"emails_manage","keywords":["email content"]},"app=core&module=languages&controller=languages":{"lang_key":"menu__core_languages_languages","restriction":null,"keywords":["languages","translate","locales","translations"]},"app=core&module=promotion&controller=seo&tab=urls":{"lang_key":"seo_tab_furls","restriction":"seo_manage","keywords":["friendly url","urls","furls","htaccess","mod_rewrite"]},"app=core&module=settings&controller=posting&tab=urlFilters&searchResult=form_links_external":{"lang_key":"links_external","restriction":"posting_manage","keywords":["target","blank","window","tab","link"]},"app=core&module=members&controller=groups&searchResult=4_g_icon":{"lang_key":"g_icon","restriction":"groups_manage","keywords":["group icon"]},"app=core&module=members&controller=groups&searchResult=4_g_prefixsuffix":{"lang_key":"g_prefixsuffix","restriction":"groups_manage","keywords":["group color","group colour"]},"app=core&module=members&controller=groups&searchResult=group_promotion":{"lang_key":"group_promotion","restriction":"groups_manage","keywords":["promote","promotion","group promote","group promotion","group upgrade","member upgrade","member promotion","member promote"]},"app=core&module=members&controller=groups&searchResult=g_access_offline":{"lang_key":"g_access_offline","restriction":"groups_manage","keywords":["site offline","offline access"]},"app=core&module=members&controller=groups&searchResult=group_username":{"lang_key":"group_username","restriction":"groups_manage","keywords":["username changes","user name changes","display name changes","name changes"]},"app=core&module=members&controller=groups&searchResult=g_dohtml":{"lang_key":"g_dohtml","restriction":"groups_manage","keywords":["html posting","post html"]},"app=core&module=members&controller=groups&searchResult=g_search_flood":{"lang_key":"g_search_flood","restriction":"groups_manage","keywords":["search flood control"]},"app=core&module=members&controller=groups&searchResult=gbw_cannot_be_ignored":{"lang_key":"can_be_ignored","restriction":"groups_manage","keywords":["ignore","ignored users"]},"app=core&module=members&controller=groups&searchResult=g_use_signatures":{"lang_key":"g_use_signatures","restriction":"groups_manage","keywords":["signatures"]},"app=core&module=members&controller=groups&searchResult=g_sig_max_images":{"lang_key":"g_sig_max_images","restriction":"groups_manage","keywords":["signatures","signature images"]},"app=core&module=members&controller=groups&searchResult=g_sig_max_image_size":{"lang_key":"g_sig_max_image_size","restriction":"groups_manage","keywords":["signature images","signatures"]},"app=core&module=members&controller=groups&searchResult=g_sig_max_urls":{"lang_key":"g_sig_max_urls","restriction":"groups_manage","keywords":["signatures","signature links"]},"app=core&module=members&controller=groups&searchResult=g_sig_max_lines":{"lang_key":"g_sig_max_lines","restriction":"groups_manage","keywords":["signature size","signature length","signature text","signatures"]},"app=core&module=members&controller=groups&searchResult=4_g_edit_profile":{"lang_key":"g_edit_profile","restriction":"groups_manage","keywords":["profiles","edit profile"]},"app=core&module=members&controller=groups&searchResult=g_photo_max_vars_size":{"lang_key":"g_photo_max_vars_size","restriction":"groups_manage","keywords":["profile photo size","photo size","photos"]},"app=core&module=members&controller=groups&searchResult=g_photo_max_vars_wh":{"lang_key":"g_photo_max_vars_wh","restriction":"groups_manage","keywords":["photos","photo size","profile photo size"]},"app=core&module=members&controller=groups&searchResult=gbw_allow_upload_bgimage":{"lang_key":"gbw_allow_upload_bgimage","restriction":"groups_manage","keywords":["cover photo","profile cover photo"]},"app=core&module=members&controller=groups&searchResult=g_max_bgimg_upload":{"lang_key":"g_max_bgimg_upload","restriction":"groups_manage","keywords":["cover photo size","profile cover photo size"]},"app=core&module=members&controller=groups&searchResult=g_pm_perday":{"lang_key":"g_pm_perday","restriction":"groups_manage","keywords":["pm limit","new pms","personal messenger","personal messages","pms"]},"app=core&module=members&controller=groups&searchResult=g_max_messages":{"lang_key":"g_max_messages","restriction":"groups_manage","keywords":["pm storage","messenger storage","personal messenger storage","pms"]},"app=core&module=members&controller=groups&searchResult=g_can_msg_attach":{"lang_key":"g_can_msg_attach","restriction":"groups_manage","keywords":["pm images","pm upload","pm attachments","messenger images","messenger upload","messenger attachments"]},"app=core&module=members&controller=groups&searchResult=4_g_rep_max_positive":{"lang_key":"g_rep_max_positive","restriction":"groups_manage","keywords":["reputation","like","karma"]},"app=core&module=members&controller=groups&searchResult=4_gbw_view_reps":{"lang_key":"gbw_view_reps","restriction":"groups_manage","keywords":["reputation","like","karma"]},"app=core&module=members&controller=groups&searchResult=4_gbw_no_status_update":{"lang_key":"gbw_no_status_update","restriction":"groups_manage","keywords":["status updates","statuses","profile status"]},"app=core&module=members&controller=groups&searchResult=4_gbw_no_status_import":{"lang_key":"gbw_no_status_import","restriction":"groups_manage","keywords":["status updates","statuses","profile status","facebook status","twitter status"]},"app=core&module=members&controller=groups&searchResult=4_g_max_notifications":{"lang_key":"g_max_notifications","restriction":"groups_manage","keywords":["notifications"]},"app=core&module=members&controller=groups&searchResult=4_g_attach":{"lang_key":"g_attach","restriction":"groups_manage","keywords":["uploads","attachments"]},"app=core&module=members&controller=groups&searchResult=g_attach_max":{"lang_key":"g_attach_max","restriction":"groups_manage","keywords":["uploads","attachments","storage"]},"app=core&module=members&controller=groups&searchResult=gbw_delete_attachments":{"lang_key":"gbw_delete_attachments","restriction":"groups_manage","keywords":["attachments","uploads","delete attachments"]},"app=core&module=members&controller=groups&searchResult=4_g_post_polls":{"lang_key":"g_post_polls","restriction":"groups_manage","keywords":["polls"]},"app=core&module=members&controller=groups&searchResult=4_g_vote_polls":{"lang_key":"g_vote_polls","restriction":"groups_manage","keywords":["polls"]},"app=core&module=members&controller=groups&searchResult=4_gbw_disable_tagging":{"lang_key":"gbw_disable_tagging","restriction":"groups_manage","keywords":["tags","tagging"]},"app=core&module=members&controller=groups&searchResult=4_gbw_disable_prefixes":{"lang_key":"gbw_disable_prefixes","restriction":"groups_manage","keywords":["tags","tagging","prefixes"]},"app=core&module=members&controller=groups&searchResult=4_g_topic_rate_setting":{"lang_key":"g_topic_rate_setting","restriction":"groups_manage","keywords":["ratings","rate"]},"app=core&module=members&controller=groups&searchResult=4_g_edit_posts":{"lang_key":"g_edit_posts","restriction":"groups_manage","keywords":["edit","editing"]},"app=core&module=members&controller=groups&searchResult=4_gbw_soft_delete_own":{"lang_key":"gbw_soft_delete_own","restriction":"groups_manage","keywords":["hide","hiding"]},"app=core&module=members&controller=groups&searchResult=4_g_delete_own_posts":{"lang_key":"g_delete_own_posts","restriction":"groups_manage","keywords":["delete","deleting"]},"app=core&module=members&controller=groups&searchResult=4_gbw_no_report":{"lang_key":"gbw_no_report","restriction":"groups_manage","keywords":["report","reporting"]},"app=core&module=members&controller=groups&searchResult=4_g_avoid_flood":{"lang_key":"g_avoid_flood","restriction":"groups_manage","keywords":["flood control","post flood control","posting flood control"]},"app=core&module=members&controller=groups&searchResult=4_g_avoid_q":{"lang_key":"g_avoid_q","restriction":"groups_manage","keywords":["moderation","mod queue","queue","hide","hidden","hiding"]},"app=core&module=members&controller=groups&searchResult=4_g_bypass_badwords":{"lang_key":"g_bypass_badwords","restriction":"groups_manage","keywords":["profanity","bad words","swear words"]},"app=core&module=overview&controller=security&do=settings&searchResult=form_xforward_matching":{"lang_key":"xforward_matching","restriction":"security_manage","keywords":["proxy","ip address","proxies","http_x_forwarded_for"]},"app=core&module=members&controller=members":{"lang_key":"menu__core_members_members","restriction":null,"keywords":["accounts","members","administrators","banned","validating","locked","spammers"]},"app=core&module=membersettings&controller=spam&do=serviceLogs":{"lang_key":"menu__core_membersettings_spam","restriction":"spam_manage","keywords":["spam logs"]},"app=core&module=membersettings&controller=profiles":{"lang_key":"menu__core_membersettings_profiles","restriction":"profiles_manage","keywords":["custom profile fields","about me"]},"app=core&module=staff&controller=admin":{"lang_key":"menu__core_staff_admin","restriction":"restrictions_manage","keywords":["administrators","restrictions","admins","acp","staff"]},"app=core&module=staff&controller=admin&do=actionLogs":{"lang_key":"menu__core_staff_admin","restriction":"restrictions_manage","keywords":["admin logs","acp logs"]},"app=core&module=staff&controller=admin&do=loginLogs":{"lang_key":"menu__core_staff_admin","restriction":"restrictions_manage","keywords":["acp logins","admin logins"]},"app=core&module=applications&controller=enhancements&do=edit":{"lang_key":"menu__core_applications_enhancements","restriction":"enhancements_manage","keywords":["mandrill","bulk mail","email"]},"app=core&module=stats&controller=registrationstats":{"lang_key":"menu__core_members_registrationstats","restriction":"registrations_manage","keywords":["registration statistics"]},"app=core&module=stats&controller=pmstats":{"lang_key":"menu__core_members_pmstats","restriction":null,"keywords":["message statistics","private messages"]},"app=core&module=customization&controller=themes&do=designersmode&searchResult=form_theme_designers_mode":{"lang_key":"theme_designers_mode","restriction":"theme_templates_manage","keywords":["designers mode"]},"app=core&module=editor&controller=toolbar":{"lang_key":"editor_customization","restriction":"toolbar_manage","keywords":["bbcode","post","comment","buttons","wysiwyg","toolbars","editor","mobile","tablet","phone","responsive"]},"app=core&module=settings&controller=login&do=settings&searchResult=form_logins_over_https":{"lang_key":"logins_over_https","restriction":"login_manage","keywords":["https","ssl","secure logins"]},"app=core&module=settings&controller=advanced&do=tasks":{"lang_key":"menu__core_settings_advanced","restriction":null,"keywords":["task","tasks","cron","cronjob","tasklog"]},"app=core&module=settings&controller=general&searchResult=form_site_online":{"lang_key":"site_online","restriction":"general_manage","keywords":["online","offline"]}}