{
    "30001": "3.0.0 Beta 2",
    "30002": "3.0.0 Beta 3",
    "30003": "3.0.0 Beta 4",
    "30004": "3.0.0 Beta 5",
    "30005": "3.0.0 RC 1",
    "30006": "3.0.0 RC 2",
    "30007": "3.0.0",
    "30008": "3.0.1",
    "30009": "3.0.2",
    "30010": "3.0.3",
    "30011": "3.0.4",
    "30012": "3.0.5",
    "31000": "3.1.0 Beta 1",
    "31001": "3.1.0 Beta 2",
    "31002": "3.1.0 Beta 3",
    "31003": "3.1.0",
    "31004": "3.1.1",
    "31005": "3.1.2",
    "31006": "3.1.3",
    "31007": "3.1.4",
    "32000": "3.2.0 Beta 1",
    "32001": "3.2.0 Beta 2",
    "32002": "3.2.0 Beta 3",
    "32003": "3.2.0",
    "32004": "3.2.1",
    "32005": "3.2.2",
    "32006": "3.2.3",
    "33000": "3.3.0 Alpha 1",
    "33006": "3.3.0 Alpha 2",
    "33007": "3.3.0 Beta 1",
    "33008": "3.3.0 Beta 2",
    "33009": "3.3.0 Beta 3",
    "33010": "3.3.0 Beta 4",
    "33011": "3.3.0",
    "33012": "3.3.1",
    "33013": "3.3.2",
    "33014": "3.3.3",
    "33015": "3.3.4",
    "34000": "3.4.0 Alpha 1",
    "34001": "3.4.0 Beta 1",
    "34002": "3.4.0 Beta 2",
    "34003": "3.4.0 Beta 3",
    "34004": "3.4.0 Beta 4",
    "34005": "3.4.0 Beta 5",
    "34006": "3.4.0",
    "34007": "3.4.1",
    "34008": "3.4.2",
    "34009": "3.4.3",
    "34010": "3.4.4",
    "34011": "3.4.5",
    "34012": "3.4.6",
    "34013": "3.4.7",
    "40000": "4.0.0 Alpha 1",
    "100000": "4.0.0 Beta 0",
    "100001": "4.0.0 Beta 1",
    "100002": "4.0.0 Beta 2",
    "100003": "4.0.0 Beta 3",
    "100004": "4.0.0 Beta 3a",
    "100005": "4.0.0 Beta 4",
    "100006": "4.0.0 Beta 4a",
    "100007": "4.0.0 Beta 4b",
    "100008": "4.0.0 Beta 5",
    "100009": "4.0.0 Beta 5a",
    "100010": "4.0.0 Beta 6",
    "100011": "4.0.0 Beta 7",
    "100012": "4.0.0 Beta 7a",
    "100013": "4.0.0 Beta 8",
    "100014": "4.0.0 RC1",
    "100015": "4.0.0 RC2",
    "100016": "4.0.0 RC3",
    "100017": "4.0.0 RC4",
    "100018": "4.0.0 RC5",
    "100019": "4.0.0 RC5a",
    "100020": "4.0.0 RC6",
    "100021": "4.0.0 RC7",
    "100022": "4.0.0 RC7a",
    "100023": "4.0.0",
    "100024": "4.0.1",
    "100025": "4.0.2",
    "100026": "4.0.3",
    "100027": "4.0.4"
}