{"activeUsers":{"class":"\\IPS\\Widget","restrict":[],"default_area":"sidebar","allow_reuse":false,"menu_style":"menu","embeddable":true},"announcements":{"class":"\\IPS\\Widget\\PermissionCache","restrict":[],"default_area":"sidebar","allow_reuse":false,"menu_style":"menu","embeddable":true},"stats":{"class":"\\IPS\\Widget\\StaticCache","restrict":[],"default_area":"sidebar","allow_reuse":false,"menu_style":"menu","embeddable":true},"relatedContent":{"class":"\\IPS\\Widget","restrict":[],"default_area":"sidebar","allow_reuse":false,"menu_style":"menu","embeddable":true},"recentStatusUpdates":{"class":"\\IPS\\Widget\\StaticCache","restrict":[],"default_area":"sidebar","allow_reuse":false,"menu_style":"menu","embeddable":true},"topContributors":{"class":"\\IPS\\Widget\\StaticCache","restrict":[],"default_area":"sidebar","allow_reuse":false,"menu_style":"menu","embeddable":true},"whosOnline":{"class":"\\IPS\\Widget","restrict":[],"default_area":"footer","allow_reuse":false,"menu_style":"menu","embeddable":true}}