[
    {
        "method": "dropIndex",
        "params": [
            "blog_comments",
            "comment_text"
        ]
    },
    {
        "method": "dropIndex",
        "params": [
            "blog_entries",
            "entry_name"
        ]
    },
    {
        "method": "dropIndex",
        "params": [
            "blog_entries",
            "entry_content"
        ]
    },
    {
        "method": "dropTable",
        "params": [
            "blog_akismet_logs",
            true
        ]
    },
    {
        "method": "dropTable",
        "params": [
            "blog_bookmarks",
            true
        ]
    },
    {
        "method": "dropTable",
        "params": [
            "blog_categories",
            true
        ]
    },
    {
        "method": "dropTable",
        "params": [
            "blog_category_mapping",
            true
        ]
    },
    {
        "method": "dropTable",
        "params": [
            "blog_cblock_cache",
            true
        ]
    },
    {
        "method": "dropTable",
        "params": [
            "blog_cblocks",
            true
        ]
    },
    {
        "method": "dropTable",
        "params": [
            "blog_custom_cblocks",
            true
        ]
    },
    {
        "method": "dropTable",
        "params": [
            "blog_default_cblocks",
            true
        ]
    },
    {
        "method": "dropTable",
        "params": [
            "blog_editors_map",
            true
        ]
    },
    {
        "method": "dropTable",
        "params": [
            "blog_lastinfo",
            true
        ]
    },
    {
        "method": "dropTable",
        "params": [
            "blog_mediatag",
            true
        ]
    },
    {
        "method": "dropTable",
        "params": [
            "blog_moderators",
            true
        ]
    },
    {
        "method": "dropTable",
        "params": [
            "blog_pingservices",
            true
        ]
    },
    {
        "method": "dropTable",
        "params": [
            "blog_polls",
            true
        ]
    },
    {
        "method": "dropTable",
        "params": [
            "blog_ratings",
            true
        ]
    },
    {
        "method": "dropTable",
        "params": [
            "blog_rsscache",
            true
        ]
    },
    {
        "method": "dropTable",
        "params": [
            "blog_themes",
            true
        ]
    },
    {
        "method": "dropTable",
        "params": [
            "blog_this",
            true
        ]
    },
    {
        "method": "dropTable",
        "params": [
            "blog_trackback",
            true
        ]
    },
    {
        "method": "dropTable",
        "params": [
            "blog_trackback_spamlogs",
            true
        ]
    },
    {
        "method": "dropTable",
        "params": [
            "blog_tracker",
            true
        ]
    },
    {
        "method": "dropTable",
        "params": [
            "blog_tracker_queue",
            true
        ]
    },
    {
        "method": "dropTable",
        "params": [
            "blog_updatepings",
            true
        ]
    },
    {
        "method": "dropTable",
        "params": [
            "blog_upgrade_history",
            true
        ]
    },
    {
        "method": "dropTable",
        "params": [
            "blog_views",
            true
        ]
    },
    {
        "method": "dropTable",
        "params": [
            "blog_voters",
            true
        ]
    }
]