{
    "pages": {
        "pages": {
            "tab": "cms",
            "controller": "pages",
            "do": "",
            "restriction": "page_manage"
        },
        "blocks": {
            "tab": "cms",
            "controller": "blocks",
            "do": "",
            "restriction": "block_manage"
        },
        "templates": {
            "tab": "cms",
            "controller": "templates",
            "do": "",
            "restriction": "template_manage"
        },
        "menu": {
            "tab": "cms",
            "controller": "menu",
            "do": "",
            "restriction": null
        }
    },
    "databases": {
        "databases": {
            "tab": "cms",
            "controller": "databases",
            "do": "",
            "restriction": "databases_manage"
        }
    }
}