<?xml version="1.0" encoding="UTF-8"?>
<theme name="Default" author_name="Invision Power Services, Inc" author_url="http://www.invisionpower.com">
 <template template_key="database_category_articles_entry" template_title="entry" template_desc="" template_location="database" template_group="category_articles" template_params="$record, $database" template_app="" template_type="template"><![CDATA[<article class='cCmsCategoryFeaturedEntry {{if $record->hidden()}}ipsModerated{{endif}}'>
	<header class='ipsPhotoPanel ipsPhotoPanel_notPhone ipsPhotoPanel_small ipsSpacer_bottom'>
		{template="userPhoto" app="core" params="$record->author()" group="global"}
		<div> 
			<h2 class='ipsType_pageTitle'>
				{{if $record->prefix()}}
				{template="prefix" group="global" app="core" params="$record->prefix( TRUE ), $record->prefix()"}
				{{endif}}
				<a href="{$record->url()}" title="{lang="read_more_about" sprintf="$record->_title"}">
					{{if $record->unread()}}
					<span class='ipsItemStatus' data-ipsTooltip title="{lang="cms_unread_record"}"><i class="fa fa-circle"></i></span>
					{{endif}}
					{wordbreak="$record->_title"}
				</a>
				{{if $record->mapped('pinned') || $record->mapped('featured') || $record->hidden() === -1 || $record->hidden() === 1}}
				{{if $record->hidden() === -1}}
				<span class="ipsBadge ipsBadge_icon ipsBadge_small ipsBadge_warning" data-ipsTooltip title='{$record->hiddenBlurb()}'><i class='fa fa-eye-slash'></i></span>
				{{elseif $record->hidden() === 1}}
				<span class="ipsBadge ipsBadge_icon ipsBadge_small ipsBadge_warning" data-ipsTooltip title='{lang="pending_approval"}'><i class='fa fa-warning'></i></span>
				{{endif}}
				{{if $record->mapped('pinned')}}
				<span class="ipsBadge ipsBadge_icon ipsBadge_small ipsBadge_positive" data-ipsTooltip title='{lang="pinned"}'><i class='fa fa-thumb-tack'></i></span>
				{{endif}}
				{{if $record->mapped('featured')}}
				<span class="ipsBadge ipsBadge_icon ipsBadge_small ipsBadge_positive" data-ipsTooltip title='{lang="featured"}'><i class='fa fa-star'></i></span>
				{{endif}}
				{{endif}}
			</h2>
			<p class='ipsType_light ipsType_reset'>
				{lang="cms_byline" htmlsprintf="$record->author()->link(), $record->container()->url(), $record->container()->_title"}{datetime="$record->record_publish_date"}
			</p>
		</div>
	</header>
	{{if count( $record->customFieldsForDisplay('listing') )}}
		<div class='ipsDataItem_meta'>
		{{foreach $record->customFieldsForDisplay('listing') as $fieldId => $fieldValue}}
			{{if $fieldValue}}
				{$fieldValue|raw}
			{{endif}}
		{{endforeach}}
		</div>
	{{endif}}
	<section class='ipsType_normal ipsType_richText ipsType_break ipsSpacer_both' data-ipsTruncate data-ipsTruncate-size='7 lines' data-ipsTruncate-type='remove'>
		{{if $record->record_image}}
		<div class="cCmsRecord_image">
			<img class="ipsImage" src="{$record->record_image}">
		</div>
		{{endif}}

		{$record->truncated()|raw}
	</section>
	{{if count( $record->tags() )}}
		{template="tags" group="global" app="core" params="$record->tags()"}
	{{endif}}
	<ul class='ipsList_inline'>
		<li><strong><a href='{$record->url()}' title="{lang="read_more_about" sprintf="$record->name"}">{lang="read_more"}</a></strong></li>
		{{if $record::database()->options['reviews']}}
		<li>{template="rating" app="core" params="'small', $record->averageReviewRating(), \IPS\Settings::i()->reviews_rating_out_of" group="global"}</li>
		{{endif}}
		<li><a href='{$record->url()}#comments' title='{lang="view_comments"}'><i class='fa fa-comment'></i> {lang="num_comments" pluralize="$record->record_comments"}</a></li>
		<li class='ipsType_light'>{lang="num_views_with_number" pluralize="$record->record_views"}</li>
	</ul>
</article>]]></template>
 <template template_key="database_category_articles_index" template_title="index" template_desc="" template_location="database" template_group="category_articles" template_params="$database, $articles, $url, $pagination" template_app="" template_type="template"><![CDATA[<div class='ipsPageHeader ipsClearfix ipsSpacer_bottom'>
	{{if $database->use_categories}}
	<div class='ipsPos_right ipsResponsive_noFloat'>
		<a href="{$url->setQueryString('show', 'categories')}" class="ipsButton ipsButton_medium ipsButton_fullWidth ipsButton_link"><i class="fa fa-folder-open"></i> {lang="cms_show_categories"}</a>
	</div>
	{{endif}}
	<h1 class='ipsType_pageTitle'>{$database->_title}</h1>
	{{if $database->_description}}
		<div class='ipsPageHeader_info ipsType_light'>
			{$database->_description}
		</div>
	{{endif}}
</div>

{{if $database->can('add') or \IPS\Member::loggedIn()->member_id}}
	<ul class="ipsToolList ipsToolList_horizontal ipsClearfix ipsSpacer_both ipsResponsive_hidePhone">
		{{if $database->can('add')}}
			<li class='ipsToolList_primaryAction'>
				<a class="ipsButton ipsButton_medium ipsButton_important ipsButton_fullWidth" {{if $database->use_categories}}data-ipsDialog="1" data-ipsDialog-size="narrow" data-ipsDialog-title="{lang="cms_select_category"}"{{endif}} href="{$url->setQueryString( array( 'do' => 'form', 'd' => \IPS\cms\Databases\Dispatcher::i()->databaseId ) )}">{lang="cms_add_new_record_button" sprintf="$database->recordWord( 1 )"}</a>
			</li>
		{{endif}}
	</ul>
{{endif}}

<hr class='ipsHr'>
<section class='ipsType_normal ipsSpacer_both'>
	{{if count($articles)}}
		{{foreach $articles as $id => $record}}
			{template="entry" app="cms" location="database" group="category_articles" params="$record, $database"}
		{{endforeach}}
	{{endif}}
</section>
{{if $database->featured_settings['pagination'] and ( $pagination['pages'] > 1 )}}
	{template="pagination" app="core" location="global" group="global" params="$url, $pagination['pages'], $pagination['page'], $database->featured_settings['perpage'], TRUE, 'page'"}
{{endif}}]]></template>
 <template template_key="database_category_index_categoryRow" template_title="categoryRow" template_desc="" template_location="database" template_group="category_index" template_params="$category" template_app="" template_type="template"><![CDATA[{{$RecordsClass = $category::$contentItemClass;}}
{{if $category->can('view')}}
{{$lastPost = $category->lastPost();}}
	<li class="ipsDataItem ipsDataItem_responsivePhoto {{if $RecordsClass::containerUnread( $category )}}ipsDataItem_unread{{endif}} ipsClearfix" data-categoryID="{$category->_id}">
		<div class="ipsDataItem_icon ipsDataItem_category">
			{{if \IPS\Member::loggedIn()->member_id}}<a href="{$category->url()->setQueryString( array( 'do' => 'markRead', 'c' => $category->_id ) )->csrf()}" data-action='markAsRead'>{{endif}}
				<span class='ipsItemStatus ipsItemStatus_large {{if !$RecordsClass::containerUnread( $category )}}ipsItemStatus_read{{endif}}'>
					<i class="fa fa-comments"></i>
				</span>
			{{if \IPS\Member::loggedIn()->member_id}}</a>{{endif}}
		</div>
		<div class="ipsDataItem_main ipsPos_middle">
			<h4 class="ipsDataItem_title ipsType_large">
				<a href="{$category->url()}">{$category->_title}</a>
			</h4>
			{{if $category->hasChildren()}}
				<ul class="ipsDataItem_subList ipsList_inline">
					{{foreach $category->children() as $subCategory}}
						<li class="{{if $RecordsClass::containerUnread( $subCategory )}}ipsDataItem_unread{{endif}}">
							<a href="{$subCategory->url()}">{$subCategory->_title}</a>
						</li>
					{{endforeach}}
				</ul>
			{{endif}}
			{{if $category->_description}}
				<div class="ipsDataItem_meta ipsType_richText ipsType_light">{$category->_description|raw}</div>
			{{endif}}
		</div>
		{{if $lastPost}}
			<dl class="ipsDataItem_stats ipsDataItem_statsLarge">
				{{$count = $RecordsClass::contentCount( $category, FALSE );}}
				<dt class="ipsDataItem_stats_number">{number="$count"}</dt>
				<dd class="ipsDataItem_stats_type ipsType_light">{expression="\IPS\cms\Databases::load( $category->database_id )->recordWord( $count )"}</dd>
			</dl>
		{{endif}}
		<ul class="ipsDataItem_lastPoster ipsDataItem_withPhoto">
			{{if $lastPost}}
				<li>{template="userPhoto" app="core" group="global" params="$lastPost['author'], 'tiny'"}</li>
				<li><a href="{$lastPost['record_url']}" class='ipsType_break ipsContained' title='{$lastPost['record_title']}'>{truncate="$lastPost['record_title']" length="30"}</a></li>
				<li>{lang="byline_nodate" htmlsprintf="$lastPost['author']->link()"}</li>
				<li data-short="1 dy" class="ipsType_light"><a href='{$lastPost['record_url']->setQueryString( 'do', 'getLastComment' )}' title='{lang="get_last_post"}' class='ipsType_blendLinks'>{datetime="$lastPost['date']"}</a></li>
			{{else}}
				<li class='ipsType_light ipsResponsive_showDesktop'>{lang="content_categories_index_no_records" sprintf="\IPS\cms\Databases::load( $category->database_id )->recordWord()"}</li>
			{{endif}}
		</ul>
	</li>
{{endif}}]]></template>
 <template template_key="database_category_index_index" template_title="index" template_desc="" template_location="database" template_group="category_index" template_params="$database, $categories, $url" template_app="" template_type="template"><![CDATA[<div class='ipsPageHeader ipsClearfix ipsSpacer_bottom'>
	{{if $database->cat_index_type == 1}}
		<div class='ipsPos_right ipsResponsive_noFloat'>
			<a href="{$url}" class="ipsButton ipsButton_medium ipsButton_fullWidth ipsButton_link"><i class="fa fa-star"></i> {lang="cms_show_featured" sprintf="$database->recordWord()"}</a>
		</div>
	{{endif}}
	<h1 class='ipsType_pageTitle'>{$database->_title}</h1>
	{{if $database->_description}}
		<div class='ipsPageHeader_info ipsType_light'>
			{$database->_description}
		</div>
	{{endif}}
</div>
<section class="ipsBox">
	<ol class='ipsList_reset cCmsDatabase_index' data-controller='core.global.core.table, forums.front.forum.forumList' data-baseURL=''>
		<li class='cForumRow'>
			<h2 class="ipsType_sectionTitle ipsType_reset ipsType_blendLinks">
				{lang="content_categories_title"}
			</h2>
			{{if ! count($categories)}}
				<div class="ipsBox ipsPad">{lang="cms_no_cats_to_show"}</div>
			{{else}}
				<ol class="ipsDataList ipsDataList_large ipsDataList_zebra ipsAreaBackground_reset">
					{{foreach $categories as $category}}
						{template="categoryRow" group="category_index" location="database" app="cms" params="$category"}
					{{endforeach}}
				</ol>
			{{endif}}
		</li>
	</ol>
</section>]]></template>
 <template template_key="page_custom_wrappers_customWrapper" template_title="customWrapper" template_desc="" template_location="page" template_group="custom_wrappers" template_params="$html, $title=NULL" template_app="" template_type="template"><![CDATA[<!DOCTYPE html>
<html lang="{expression="\IPS\Member::loggedIn()->language()->bcp47()"}" dir="{{if member.language()->isrtl}}rtl{{else}}ltr{{endif}}">
	<head>
		<title>{expression="output.getTitle( $title )"}</title>
		{template="includeMeta" app="core" group="global" location="global" params=""}
		{template="includeCSS" app="core" group="global" location="global" params=""}
	</head>
	<body class="ipsApp ipsApp_front ipsJS_none ipsClearfix ipsLayout_noBackground">
		{$html|raw}
		{template="includeJS" app="core" group="global" location="global" params=""}
	</body>
</html>]]></template>
 <template template_key="database_display_comment" template_title="comment" template_desc="" template_location="database" template_group="display" template_params="$item, $comment, $editorName, $app, $type, $class=''" template_app="" template_type="template"><![CDATA[{{$itemIdField = $item::$databaseColumnId; $idField = $comment::$databaseColumnId;}}
<div id='comment-{$comment->$idField}_wrap' data-controller='core.front.core.comment' data-commentApp='{$app}' data-commentType='{$type}' data-commentID="{$comment->$idField}" data-quoteData='{expression="json_encode( array('userid' => $comment->author()->member_id, 'username' => $comment->author()->name, 'timestamp' => $comment->mapped('date'), 'contentapp' => $app, 'contenttype' => $type, 'contentclass' => $class, 'contentid' => $item->$itemIdField, 'contentcommentid' => $comment->$idField) )"}' class='cPost_content ipsComment_content ipsType_medium {{if $comment->hidden()}}ipsModerated{{endif}} ipsFaded_withHover'>
	
	<div class='ipsComment_header ipsPhotoPanel ipsPhotoPanel_mini ipsPhotoPanel_notPhone'>
		{template="userPhoto" app="core" group="global" params="$comment->author(), 'mini', $comment->warningRef()"}
		<div>
			<p class='ipsPos_right ipsType_reset ipsType_blendLinks'>
				<a href='{$comment->item()->url()->setQueryString( array( 'do' => 'findComment', 'comment' => $comment->id ) )}' data-ipsTooltip title='{lang="share_this_comment"}' data-ipsMenu data-ipsMenu-closeOnClick='false' id='elShareComment_{$comment->id}'><i class='fa fa-share-alt'></i></a>
				{{if count( $item->commentMultimodActions() )}}
				<input type="checkbox" name="multimod[{$comment->$idField}]" value="1" data-role="moderation" data-actions="{{if $comment->canSplit()}}split merge{{endif}} {{if $comment->hidden() === -1 AND $comment->canUnhide()}}unhide{{elseif $comment->hidden() === 1 AND $comment->canUnhide()}}approve{{elseif $comment->canHide()}}hide{{endif}} {{if $comment->canDelete()}}delete{{endif}}">
				{{endif}}
			</p>
			<h3 class='ipsComment_author ipsType_blendLinks'>
				<strong class='ipsType_normal'>{template="userLink" app="core" group="global" params="$comment->author(), $comment->warningRef()"}</strong>
				{template="reputationBadge" group="global" app="core" params="$comment->author()"}
			</h3>
			<p class='ipsComment_meta ipsType_light ipsType_medium'>
				{$comment->dateLine()|raw}
				{{if $comment->editLine()}}
					({lang="edited_lc"})
				{{endif}}
				{{if $comment->hidden()}}
					&middot; {$comment->hiddenBlurb()}
				{{endif}}
				{{if $comment instanceof \IPS\Content\ReportCenter and !\IPS\Member::loggedIn()->group['gbw_no_report'] and $comment->hidden() !== 1 }}
					&middot; <a href='{$comment->url('report')}' data-ipsDialog data-ipsDialog-remoteSubmit data-ipsDialog-size='medium' data-ipsDialog-flashMessage='{lang="report_submit_success"}' data-ipsDialog-title="{lang="report"}" data-action='reportComment' title='{lang="report_content"}'>{lang="report"}</a>
				{{endif}}
			</p>

			{{if member.modPermission('mod_see_warn') and $comment->warning}}
				{template="commentWarned" group="global" app="core" params="$comment"}
			{{endif}}
		</div>
	</div>
	<div class='ipsAreaBackground_reset ipsPad'>
		{{if in_array( 'IPS\Content\Reputation', class_implements( $comment ) ) and settings.reputation_highlight and $comment->reputation() >= settings.reputation_highlight}}
			<strong class='ipsComment_popularFlag' data-ipsTooltip title='{lang="this_is_a_popular_comment"}'><i class='fa fa-star'></i></strong>
		{{endif}}
		
		<div data-role='commentContent' class='ipsType_normal ipsType_richText ipsType_break ipsContained' data-controller='core.front.core.lightboxedImages'>
			{{if $comment->hidden() === 1 && $comment->author()->member_id == \IPS\Member::loggedIn()->member_id}}
				<strong class='ipsType_medium ipsType_warning'><i class='fa fa-info-circle'></i> {lang="comment_awaiting_approval"}</strong>
			{{endif}}
			{$comment->content()|raw}
			
			{{if $comment->editLine()}}
				{$comment->editLine()|raw}
			{{endif}}
		</div>

		{{if $comment->hidden() !== 1 && $comment instanceof \IPS\Content\Reputation and settings.reputation_enabled}}
			{template="reputation" group="global" app="core" params="$comment, 'ipsPos_right'"}
		{{endif}}

		<ul class='ipsComment_controls ipsClearfix' data-role="commentControls">
			{{if $comment->hidden() === 1 && ( $comment->canUnhide() || $comment->canDelete() )}}
				{{if $comment->canUnhide()}}
					<li><a href='{$comment->url('unhide')->csrf()}' class='ipsButton ipsButton_verySmall ipsButton_positive' data-action='approveComment'><i class='fa fa-check'></i> {lang="approve"}</a></li>
				{{endif}}
				{{if $comment->canDelete()}}
					<li><a href='{$comment->url('delete')->csrf()}' data-confirm data-action='deleteComment' data-updateOnDelete="#commentCount" class='ipsButton ipsButton_verySmall ipsButton_negative'><i class='fa fa-times'></i> {lang="delete"}</a></li>
				{{endif}}
				{{if $comment->canEdit() || $comment->canSplit()}}
					<li>
						<a href='#elControls_{$comment->$idField}_menu' id='elControls_{$comment->$idField}' data-ipsMenu data-ipsMenu-appendTo='#comment-{$comment->$idField}_wrap'>{lang="options"} &nbsp;<i class='fa fa-caret-down'></i></a>
						<ul id='elControls_{$comment->$idField}_menu' class='ipsMenu ipsMenu_narrow ipsHide'>
							{{if $comment->canEdit()}}
								{{if $comment->mapped('first') and $comment->item()->canEdit()}}
									<li class='ipsMenu_item'><a href='{$comment->item()->url()->setQueryString( 'do', 'edit' )}'>{lang="edit"}</a></li>
								{{else}}
									<li class='ipsMenu_item'><a href='{$comment->url('edit')}' data-action='editComment'>{lang="edit"}</a></li>
								{{endif}}
							{{endif}}
							{{if $comment->canSplit()}}
								<li class='ipsMenu_item'><a href='{$comment->url('split')}' data-action='splitComment' data-ipsDialog data-ipsDialog-title="{lang="split_to_new" sprintf="\IPS\Member::loggedIn()->language()->addToStack( $item::$title )"}">{lang="split"}</a></li>
							{{endif}}
						</ul>
					</li>
				{{endif}}
			{{else}}
				{{if $comment->hidden() === 0 and $item->canComment() and $editorName}}
					<li data-ipsQuote-editor='{$editorName}' data-ipsQuote-target='#comment-{$comment->$idField}' class='ipsJS_show'>
						<button class='ipsButton ipsButton_light ipsButton_verySmall ipsButton_narrow cMultiQuote ipsHide' data-action='multiQuoteComment' data-ipsTooltip data-ipsQuote-multiQuote data-mqId='mq{$comment->$idField}' title='{lang="multiquote"}'><i class='fa fa-plus'></i></button>
					</li>
					<li data-ipsQuote-editor='{$editorName}' data-ipsQuote-target='#comment-{$comment->$idField}' class='ipsJS_show'>
						<a href='#' data-action="quoteComment" data-ipsQuote-singleQuote>{lang="quote"}</a>
					</li>
				{{endif}}
				{{if $comment->canEdit()}}
					{{if $comment->mapped('first') and $comment->item()->canEdit()}}
						<li><a href='{$comment->item()->url()->setQueryString( 'do', 'edit' )}'>{lang="edit"}</a></li>
					{{else}}
						<li><a href='{$comment->url('edit')}' data-action='editComment'>{lang="edit"}</a></li>
					{{endif}}
				{{endif}}
				{{if $comment->canDelete() || $comment->canSplit() || ( $comment instanceof \IPS\Content\Hideable AND ( ( !$comment->hidden() and $comment->canHide() ) || ( $comment->hidden() and $comment->canUnhide() ) ) )}}
					<li>
						<a href='#elControls_{$comment->$idField}_menu' id='elControls_{$comment->$idField}' data-ipsMenu data-ipsMenu-appendTo='#comment-{$comment->$idField}_wrap'>{lang="options"} &nbsp;<i class='fa fa-caret-down'></i></a>
						<ul id='elControls_{$comment->$idField}_menu' class='ipsMenu ipsMenu_narrow ipsHide'>
							{{if $comment instanceof \IPS\Content\Hideable}}
								{{if !$comment->hidden() and $comment->canHide()}}
									<li class='ipsMenu_item'><a href='{$comment->url('hide')->csrf()}' data-ipsDialog data-ipsDialog-title="{lang="hide"}">{lang="hide"}</a></li>
								{{elseif $comment->hidden() and $comment->canUnhide()}}
									<li class='ipsMenu_item'><a href='{$comment->url('unhide')->csrf()}'>{lang="unhide"}</a></li>
								{{endif}}
							{{endif}}
							{{if $comment->canSplit()}}
								<li class='ipsMenu_item'><a href='{$comment->url('split')}' data-action='splitComment' data-ipsDialog data-ipsDialog-title="{lang="split_to_new" sprintf="\IPS\Member::loggedIn()->language()->addToStack( $item::$title )"}">{lang="split"}</a></li>
							{{endif}}
							{{if $comment->canDelete()}}
								<li class='ipsMenu_item'><a href='{$comment->url('delete')->csrf()}' data-action='deleteComment' data-updateOnDelete="#commentCount">{lang="delete"}</a></li>
							{{endif}}
						</ul>
					</li>
				{{endif}}
			{{endif}}
			<li class='ipsHide' data-role='commentLoading'>
				<span class='ipsLoading ipsLoading_tiny ipsLoading_noAnim'></span>
			</li>
		</ul>
	</div>
	<div class='ipsMenu ipsMenu_wide ipsHide cPostShareMenu' id='elShareComment_{$comment->id}_menu'>
		<div class='ipsPad'>
			<h4 class='ipsType_sectionHead'>{lang="share_this_comment"}</h4>
			<hr class='ipsHr'>
			<h5 class='ipsType_normal ipsType_reset'>{lang="link_to_comment"}</h5>
			<input type='text' value='{$comment->item()->url()->setQueryString( array( 'do' => 'findComment', 'comment' => $comment->$idField ) )}' class='ipsField_fullWidth'>
			{{if !$comment->item()->container()->disable_sharelinks}}
			<h5 class='ipsType_normal ipsType_reset ipsSpacer_top'>{lang="share_externally"}</h5>
			{template="sharelinks" group="global" app="core" params="$comment"}
			{{endif}}
		</div>
	</div>
</div>]]></template>
 <template template_key="database_display_commentContainer" template_title="commentContainer" template_desc="" template_location="database" template_group="display" template_params="$item, $comment, $votes=array(), $otherClasses=''" template_app="" template_type="template"><![CDATA[{{$idField = $comment::$databaseColumnId;}}
{{$itemClassSafe = str_replace( '\\', '_', mb_substr( $comment::$itemClass, 4 ) );}}
{{if $comment->isIgnored()}}
	<div class='ipsComment ipsComment_ignored ipsPad_half ipsType_light' id='elIgnoreComment_{$comment->$idField}' data-ignoreCommentID='elComment_{$comment->$idField}' data-ignoreUserID='{$comment->author()->member_id}'>
		{lang="ignoring_content" sprintf="$comment->author()->name"} <a href='#elIgnoreComment_{$comment->$idField}_menu' data-ipsMenu data-ipsMenu-menuID='elIgnoreComment_{$comment->$idField}_menu' data-ipsMenu-appendTo='#elIgnoreComment_{$comment->$idField}' data-action="ignoreOptions" title='{lang="see_post_ignore_options"}' class='ipsType_blendLinks'>{lang="options"} <i class='fa fa-caret-down'></i></a>
		<ul class='ipsMenu ipsHide' id='elIgnoreComment_{$comment->$idField}_menu'>
			<li class='ipsMenu_item' data-ipsMenuValue='showPost'><a href='#'>{lang="show_this_comment"}</a></li>
			<li class='ipsMenu_sep'><hr></li>
			<li class='ipsMenu_item' data-ipsMenuValue='stopIgnoring'><a href='{url="app=core&module=system&controller=ignore&do=remove&id={$comment->author()->member_id}" seoTemplate="ignore"}'>{lang="stop_ignoring_posts_by" sprintf="$comment->author()->name"}</a></li>
			<li class='ipsMenu_item'><a href='{url="app=core&module=members&controller=ignore" seoTemplate="ignore"}'>{lang="change_ignore_preferences"}</a></li>
		</ul>
	</div>
{{endif}}

<a id='comment-{$comment->$idField}'></a>
<article itemscope itemtype="http://schema.org/Comment" id='elComment_{$comment->$idField}' class='ipsComment {{if $otherClasses}}{$otherClasses}{{endif}} {{if in_array( 'IPS\Content\Reputation', class_implements( $comment ) ) and settings.reputation_highlight and $comment->reputation() >= settings.reputation_highlight}}ipsComment_popular{{endif}} ipsComment_parent ipsClearfix ipsClear {{if $comment->isIgnored()}}ipsHide{{endif}} {{if $comment->hidden()}}ipsModerated{{endif}}'>
	{template="comment" group="display" location="database" app="cms" params="$item, $comment, $item::$formLangPrefix . 'comment', $item::$application, $item::$module, $itemClassSafe"}
</article>]]></template>
 <template template_key="database_display_comments" template_title="comments" template_desc="" template_location="database" template_group="display" template_params="$record" template_app="" template_type="template"><![CDATA[<div data-controller='core.front.core.commentFeed' data-commentsType='comments' data-baseURL='{$record->url()}' {{if $record->isLastPage()}}data-lastPage{{endif}} data-feedID='records{$record::$customDatabaseId}-{$record->_id}' id='comments'>
	<br>
	{{if $record->commentPageCount() > 1}}
		{$record->commentPagination( array( 'tab' ) )|raw}
		<br><br>
	{{endif}}
	<div data-role='commentFeed' data-controller='core.front.core.moderation'>
		{{if count( $record->comments() )}}
			<form action="{$record->url()->csrf()->setQueryString( 'do', 'multimodComment' )}" method="post" data-ipsPageAction data-role='moderationTools'>
				{{$commentCount=0; $timeLastRead = $record->timeLastRead(); $lined = FALSE;}}
				{{foreach $record->comments() as $comment}}
					{{if !$lined and $timeLastRead and $timeLastRead->getTimestamp() < $comment->mapped('date')}}
						{{if $lined = TRUE and $commentCount}}
							<hr class="ipsCommentUnreadSeperator">
						{{endif}}
					{{endif}}
					{{$commentCount++;}}
					{$comment->html()|raw}
				{{endforeach}}
				{template="commentMultimod" app="core" group="global" params="$record"}
			</form>
		{{else}}
			<p class='ipsType_normal ipsType_light ipsType_reset' data-role='noComments'>{lang="no_comments"}</p>
		{{endif}}
	</div>
	{{if $record->commentPageCount() > 1}}
		<hr class='ipsHr'>
		{$record->commentPagination( array( 'tab' ) )|raw}
	{{endif}}
	{{if $record->commentForm() || $record->locked() || \IPS\Member::loggedin()->restrict_post || \IPS\Member::loggedIn()->members_bitoptions['unacknowledged_warnings']}}
		<br><br>
		<div class='ipsAreaBackground ipsPad' data-role='replyArea'>
			{{if $record->commentForm()}}
				{{if $record->locked()}}
					<p class='ipsType_reset ipsType_warning ipsComposeArea_warning ipsSpacer_bottom ipsSpacer_half'><i class='fa fa-info-circle'></i> {lang="cms_locked_can_comment"}</p>
				{{endif}}
				{$record->commentForm()|raw}
			{{else}}
				{{if $record->locked()}}
					{template="commentUnavailable" group="forms" location="front" app="core" params="'record_locked_cannot_comment'"}
				{{elseif \IPS\Member::loggedin()->restrict_post}}
					{template="commentUnavailable" group="forms" location="front" app="core" params="'restricted_cannot_comment', \IPS\Member::loggedIn()->warnings(5,NULL,'rpa'), \IPS\Member::loggedIn()->restrict_post"}
				{{elseif \IPS\Member::loggedIn()->members_bitoptions['unacknowledged_warnings']}}
					{template="commentUnavailable" group="forms" location="front" app="core" params="'unacknowledged_warning_cannot_post', \IPS\Member::loggedIn()->warnings( 1, FALSE )"}
				{{endif}}
			{{endif}}
		</div>
	{{endif}}
</div>]]></template>
 <template template_key="database_display_commentsAndReviewsTabs" template_title="commentsAndReviewsTabs" template_desc="" template_location="database" template_group="display" template_params="$content, $id" template_app="" template_type="template"><![CDATA[<div data-controller='core.front.core.commentsWrapper' data-tabsId='{$id}'>
	{$content|raw}
</div>]]></template>
 <template template_key="database_display_filtersAddComment" template_title="filtersAddComment" template_desc="" template_location="database" template_group="display" template_params="$rows" template_app="" template_type="template"><![CDATA[<div>
	{{foreach $rows as $line}}
		<p>{$line|raw}</p>
	{{endforeach}}
</div>]]></template>
 <template template_key="database_display_record" template_title="record" template_desc="" template_location="database" template_group="display" template_params="$record, $commentsAndReviews, $updateForm=NULL, $nextUnread=NULL" template_app="" template_type="template"><![CDATA[<div class='ipsClearfix'>
	
	<div class='ipsPos_right ipsResponsive_noFloat ipsResponsive_hidePhone'>
		{template="follow" app="core" group="global" params="'cms', 'records'.$record::$customDatabaseId, $record->primary_id_field, $record->followers()->count( TRUE )"}
	</div>
	
	<h1 class='ipsType_pageTitle ipsType_break'>
		{{if $record->prefix()}}
			{template="prefix" group="global" app="core" params="$record->prefix( TRUE ), $record->prefix()"}
		{{endif}}
		{{if $record->locked()}}<i class='fa fa-lock'></i> {{endif}}{wordbreak="$record->_title"}
		{{if $record->isFutureDate() || $record->mapped('pinned') || $record->mapped('featured') || $record->hidden() === -1 || $record->hidden() === 1}}
			{{if $record->isFutureDate()}}
				<span class="ipsBadge ipsBadge_icon ipsBadge_warning" data-ipsTooltip title='{$record->futureDateBlurb()}'><i class='fa fa-clock-o'></i></span>
			{{elseif $record->hidden() === -1}}
				<span class="ipsBadge ipsBadge_icon ipsBadge_warning" data-ipsTooltip title='{$record->hiddenBlurb()}'><i class='fa fa-eye-slash'></i></span>
			{{elseif $record->hidden() === 1}}
				<span class="ipsBadge ipsBadge_icon ipsBadge_warning" data-ipsTooltip title='{lang="pending_approval"}'><i class='fa fa-warning'></i></span>
			{{endif}}
			{{if $record->mapped('pinned')}}
				<span class="ipsBadge ipsBadge_icon ipsBadge_positive" data-ipsTooltip title='{lang="pinned"}'><i class='fa fa-thumb-tack'></i></span>
			{{endif}}
			{{if $record->mapped('featured')}}
				<span class="ipsBadge ipsBadge_icon ipsBadge_positive" data-ipsTooltip title='{lang="featured"}'><i class='fa fa-star'></i></span>
			{{endif}}
		{{endif}}
	</h1>
	
	{{if $record::database()->options['reviews']}}
		<span itemprop="aggregateRating" itemscope itemtype="http://schema.org/AggregateRating">
			<meta itemprop='ratingValue' content='{$record->averageReviewRating()}'>
			<meta itemprop='reviewCount' content='{$record->record_reviews}'>
			{template="rating" group="global" location="front" app="core" params="'large', $record->averageReviewRating(), \IPS\Settings::i()->reviews_rating_out_of"}&nbsp;&nbsp; <span class='ipsType_normal ipsType_light'>({lang="num_reviews" pluralize="$record->record_reviews"})</span>
		</span>
	{{elseif $record->container()->allow_rating}}
		<div>{$record->rating()|raw}</div>
	{{endif}}	
</div>

<hr class='ipsHr'>

<div class='ipsPhotoPanel ipsPhotoPanel_tiny ipsClearfix ipsSpacer_bottom'>
	{template="userPhoto" app="core" group="global" params="$record->author(), 'tiny', $record->warningRef()"}
	<div>
		<p class='ipsType_reset ipsType_large ipsType_blendLinks'>
			{lang="content_record_started_by" htmlsprintf="$record->author()->link()"}
			{{if $record->editLine()}}
				<span class='ipsType_light ipsType_medium ipsType_reset'>
					({lang="edited_lc"})
				</span>
			{{endif}}
		</p>
		<ul class='ipsList_inline'>
			<li>{datetime="$record->record_publish_date"}</li>
			{{foreach $record->customFieldsForDisplay('display') as $fieldId => $fieldValue}}
				{{if $fieldValue}}
					{$fieldValue|raw}
				{{endif}}
			{{endforeach}}
		</ul>
	</div>
</div>	

{{if count( $record->tags() )}}		
	{template="tags" group="global" app="core" params="$record->tags()"}
{{endif}}	

<article class='ipsContained ipsSpacer_top'>
	<div class='ipsClearfix'>
		{{if $record->record_image}}
			<div class="cCmsRecord_image">
				<img class="ipsImage" src="{$record->record_image}">
			</div>
		{{endif}}

		<section class="ipsType_richText ipsType_normal" data-controller='core.front.core.lightboxedImages'>{$record->_content|raw}</section>
		
		{{if $record->editLine()}}
			{$record->editLine()|raw}
		{{endif}}
	</div>
		
	<hr class='ipsHr ipsClear ipsClearfix'>

	{{if $record instanceof \IPS\Content\Reputation and settings.reputation_enabled}}
		<div class='ipsPos_right'>
			{template="reputation" app="core" group="global" params="$record"}
		</div>
	{{endif}}
	{{if $record->isFutureDate() or $record->canPin() or $record->canUnpin() or $record->canFeature() or $record->canUnfeature() or $record->canHide() or $record->canUnhide() or $record->canMove() or $record->canLock() or $record->canUnlock() or $record->canDelete()}}
		<a href='#elentryActions_menu' id='elentryActions' class='ipsButton ipsButton_light ipsButton_verySmall' data-ipsMenu>{lang="content_record_actions" sprintf="$record::database()->recordWord( 1, TRUE )"} <i class='fa fa-caret-down'></i></a>
		<ul id='elentryActions_menu' class='ipsMenu ipsMenu_auto ipsHide'>
			{{if $record->isFutureDate() and $record::canFuturePublish( NULL, $record->container() )}}
				<li class='ipsMenu_item'><a href='{$record->url('moderate')->csrf()->setQueryString( array( 'action' => 'publish' ) )}' data-confirm title='{lang="publish_now"}'>{lang="publish"}</a></li>
			{{endif}}
			{{if $record->canFeature()}}
				<li class='ipsMenu_item'><a href='{$record->url('moderate')->csrf()->setQueryString( array( 'action' => 'feature' ) )}' title='{lang="feature_title_record" sprintf="$record::database()->recordWord(1)"}'>{lang="feature"}</a></li>
			{{endif}}
			{{if $record->canUnfeature()}}				
				<li class='ipsMenu_item'><a href='{$record->url('moderate')->csrf()->setQueryString( array( 'action' => 'unfeature' ) )}' title='{lang="unfeature_title_record" sprintf="$record::database()->recordWord(1)"}'>{lang="unfeature"}</a></li>
			{{endif}}
			{{if $record->canPin()}}				
				<li class='ipsMenu_item'><a href='{$record->url('moderate')->csrf()->setQueryString( array( 'action' => 'pin' ) )}' title='{lang="pin_title_record" sprintf="$record::database()->recordWord(1)"}'>{lang="pin"}</a></li>
			{{endif}}
			{{if $record->canUnpin()}}				
				<li class='ipsMenu_item'><a href='{$record->url('moderate')->csrf()->setQueryString( array( 'action' => 'unpin' ) )}' title='{lang="unpin_title_record" sprintf="$record::database()->recordWord(1)"}'>{lang="unpin"}</a></li>
			{{endif}}
			{{if $record->canHide()}}				
				<li class='ipsMenu_item'><a href='{$record->url('moderate')->csrf()->setQueryString( array( 'action' => 'hide' ) )}' title='{lang="hide_title_record" sprintf="$record::database()->recordWord(1)"}' data-ipsDialog data-ipsDialog-title="{lang="hide"}">{lang="hide"}</a></li>
			{{endif}}
			{{if $record->canUnhide()}}				
				<li class='ipsMenu_item'><a href='{$record->url('moderate')->csrf()->setQueryString( array( 'action' => 'unhide' ) )}' title='{{if $record->hidden() === 1}}{lang="approve_title_record" sprintf="$record::database()->recordWord(1)"}{{else}}{lang="unhide_title_record" sprintf="$record::database()->recordWord(1)"}{{endif}}'>{{if $record->hidden() === 1}}{lang="approve"}{{else}}{lang="unhide"}{{endif}}</a></li>
			{{endif}}
			{{if $record->canLock()}}				
				<li class='ipsMenu_item'><a href='{$record->url('moderate')->csrf()->setQueryString( array( 'action' => 'lock' ) )}' title='{lang="lock_title_record" sprintf="$record::database()->recordWord(1)"}'>{lang="lock"}</a></li>
			{{endif}}
			{{if $record->canUnlock()}}				
				<li class='ipsMenu_item'><a href='{$record->url('moderate')->csrf()->setQueryString( array( 'action' => 'unlock' ) )}' title='{lang="unlock_title_record" sprintf="$record::database()->recordWord(1)"}'>{lang="unlock"}</a></li>
			{{endif}}
			{{if $record->canMove()}}				
				<li class='ipsMenu_item'><a href='{$record->url('move')->csrf()}' data-ipsDialog data-ipsDialog-title="{lang="move"}"  title='{lang="move_title_record" sprintf="$record::database()->recordWord(1)"}'>{lang="move"}</a></li>
			{{endif}}
			{{if $record->canDelete()}}				
				<li class='ipsMenu_item'><a href='{$record->url('moderate')->csrf()->setQueryString( array( 'action' => 'delete' ) )}' data-confirm  title='{lang="delete_title_record" sprintf="$record::database()->recordWord(1)"}'>{lang="delete"}</a></li>
			{{endif}}
		</ul>
	{{endif}}
	{{if $record->canEdit()}}
		&nbsp;&nbsp;<a href='{$record->url('edit')->csrf()}' title='{lang="edit_title"}'>{lang="edit"}</a>
	{{endif}}
	{{if !\IPS\Member::loggedIn()->group['gbw_no_report'] }}
		&nbsp;&nbsp;<a href='{$record->url('report')}' data-ipsDialog data-ipsDialog-size='medium' data-ipsDialog-title="{lang="content_record_report" sprintf="$record::database()->recordWord( 1, TRUE )"}" data-ipsDialog-remoteSubmit data-ipsDialog-flashMessage="{lang="report_submit_success"}" title="{lang="content_record_report" sprintf="$record::database()->recordWord( 1, TRUE )"}">{lang="content_record_report" sprintf="$record::database()->recordWord( 1, TRUE )"}</a>
	{{endif}}
	{{if $record->canManageRevisions()}}
		&nbsp;&nbsp;<a href='{$record->url('revisions')}' data-ipsDialog data-ipsDialog-title="{lang="content_view_revisions"}" title="{lang="content_view_revisions"}">{lang="content_view_revisions"}</a>
	{{endif}}
</article>

<div class='ipsResponsive_showPhone ipsResponsive_block ipsSpacer_top'>
	{template="follow" app="core" group="global" params="'cms', 'records'.$record::$customDatabaseId, $record->primary_id_field, $record->followers()->count( TRUE )"}
</div>
	
<div class='ipsGrid ipsGrid_collapsePhone ipsPager ipsClearfix ipsSpacer_top'>
	<div class="ipsGrid_span6 ipsType_left ipsPager_prev">
		{{if $record::database()->use_categories}}
			<a href="{$record->container()->url()}" title="{lang="cms_back_to_category_with_title" sprintf="$record->container()->_title"}" rel="up">
				<span class="ipsPager_type">{lang="cms_back_to_category" sprintf="$record::database()->recordWord( 1 )"}</span>
				<span class="ipsPager_title ipsType_light ipsType_break">{lang="$record->container()->_title" wordbreak="true"}</span>
			</a>
		{{else}}
			{{$page = \IPS\cms\Pages\Page::$currentPage;}}
			<a href="{$page->url()}" title="{lang="cms_back_to_category_with_title" sprintf="$page->_title"}" rel="up">
				<span class="ipsPager_type">{lang="cms_back_to_category" sprintf="$record::database()->recordWord( 1 )"}</span>
				<span class="ipsPager_title ipsType_light ipsType_break">{$page->_title}</span>
			</a>
		{{endif}}
	</div>
	{{if $nextUnread !== NULL}}
		<div class='ipsGrid_span6 ipsType_right ipsPager_next'>
			<a href="{$nextUnread->url()->setQueryString( array( 'do' => 'getNewComment' ) )}" title='{lang="cms_view_next_unread_title" sprintf="$record::database()->recordWord( 1 )"}' rel='next'>
				<span class="ipsPager_type">{lang="cms_next_unread_title" sprintf="$record::database()->recordWord( 1 )"}</span>
				<span class="ipsPager_title ipsType_light ipsType_break">{$nextUnread->mapped('title')}</span>
			</a>
		</div>
	{{endif}}
</div>

{{if !$record->container()->disable_sharelinks}}
	<hr class='ipsHr'>
	{template="sharelinks" app="core" group="global" params="$record"}
{{endif}}

<br>
{{if $commentsAndReviews}}
	<a id="replies"></a>
	<h2 class='ipsType_sectionTitle ipsType_reset'>{lang="user_feedback"}</h2>
	{$commentsAndReviews|raw}
{{endif}}

<br>
{{if $updateForm}}
	<div class='ipsAreaBackground_light ipsPad'>
		<h2 class='ipsType_sectionHead'>{lang="cms_front_update_fields" sprintf="$record::database()->recordWord( 1 )"}</h2>
		<ul class='ipsForm ipsForm_vertical'>
			{$updateForm|raw}
		</ul>
	</div>
{{endif}}
]]></template>
 <template template_key="database_display_recordEditLine" template_title="recordEditLine" template_desc="" template_location="database" template_group="display" template_params="$record" template_app="" template_type="template"><![CDATA[
<span class='ipsType_reset ipsType_medium ipsType_light' data-excludequote>
	<strong>{lang="date_edited" htmlsprintf="\IPS\DateTime::ts( $record->record_edit_time )->html(FALSE), htmlentities( $record->record_edit_member_name, ENT_QUOTES | \IPS\HTMLENTITIES, 'UTF-8', FALSE )"}</strong>
	{{if $record->edit_reason}}
		<br>{$record->edit_reason}
	{{endif}}
	{{if \IPS\Settings::i()->edit_log == 2 and ( \IPS\Settings::i()->edit_log_public or \IPS\Member::loggedIn()->modPermission('can_view_editlog') )}}
		<a href='{$record->url('revisions')}' data-ipsDialog data-ipsDialog-title="{lang="content_view_revisions"}" title="{lang="content_edit_view_revisions"}">{lang="content_edit_view_revisions"}</a>
		{{if !$record->record_edit_show AND \IPS\Member::loggedIn()->modPermission('can_view_editlog')}}
		<br>{lang="comment_edit_show_anyways"}
		{{endif}}
	{{endif}}
</span>]]></template>
 <template template_key="database_display_review" template_title="review" template_desc="" template_location="database" template_group="display" template_params="$item, $review, $editorName, $app, $type" template_app="" template_type="template"><![CDATA[<div id='review-{$review->id}' data-controller='core.front.core.comment' data-commentApp='{$app}' data-commentType='{$type}-review' data-commentID="{$review->id}" data-quoteData='{expression="json_encode( array('userid' => $review->author()->member_id, 'username' => $review->author()->name, 'timestamp' => $review->mapped('date'), 'contentapp' => $app, 'contenttype' => $type, 'contentid' => $item->id, 'contentcommentid' => $review->id) )"}' class='ipsComment_content ipsType_medium' itemprop='review' itemscope itemtype="http://schema.org/Review">
	<div class='ipsComment_header ipsPhotoPanel ipsPhotoPanel_small ipsPhotoPanel_notPhone'>
		{template="userPhoto" app="core" group="global" params="$review->author(), 'small', $review->warningRef(), 'ipsPos_left'"}
		<div>
			<p class='ipsPos_right ipsType_reset ipsType_blendLinks'>
				<a href='{$review->item()->url()->setQueryString( array( 'do' => 'findReview', 'review' => $review->id ) )}' data-ipsTooltip title='{lang="share_this_review"}' data-ipsMenu data-ipsMenu-closeOnClick='false' id='elShareComment_{$review->id}'><i class='fa fa-share-alt'></i></a>
				{{if count( $item->reviewMultimodActions() )}}
					<input type="checkbox" name="multimod[{$review->id}]" value="1" data-role="moderation" data-actions="{{if $review->hidden() === -1 AND $review->canUnhide()}}unhide{{elseif $review->hidden() === 1 AND $review->canUnhide()}}approve{{elseif $review->canHide()}}hide{{endif}} {{if $review->canDelete()}}delete{{endif}}">
				{{endif}}
			</p>
			<h3 class="ipsComment_author ipsType_blendLinks">
				<strong class='ipsType_normal' itemprop='author'>{template="userLink" app="core" group="global" params="$review->author(), $review->warningRef()"}</strong>
				{template="reputationBadge" group="global" app="core" params="$review->author()"}
			</h3>
			<p class="ipsComment_meta ipsType_medium ipsType_light">
				<meta itemprop='datePublished' content='{expression="\IPS\DateTime::ts( $review->mapped('date') )->format( 'Y-m-d' )"}'>{datetime="$review->mapped('date')"}
				{{if $review->editLine()}}
					&middot; {$review->editLine()|raw}
				{{endif}}
				{{if $review->hidden()}}
					&middot; {$review->hiddenBlurb()}
				{{endif}}
				{{if $review->hidden() !== 1 and $review instanceof \IPS\Content\ReportCenter and !\IPS\Member::loggedIn()->group['gbw_no_report'] }}
					&middot; <a href='{$review->url('report')}' data-ipsDialog data-ipsDialog-remoteSubmit data-ipsDialog-size='medium' data-ipsDialog-flashMessage='{lang="report_submit_success"}' data-ipsDialog-title="{lang="report"}" data-action='reportComment' title='{lang="report"}'>{lang="report"}</a>
				{{endif}}
			</p>
			<ul class='ipsList_inline ipsClearfix ipsRating ipsRating_large' itemprop='reviewRating' itemscope itemtype='http://schema.org/Rating'>
				<meta itemprop='worstRating' content='1'>
				<meta itemprop='bestRating' content='{expression="intval( \IPS\Settings::i()->reviews_rating_out_of )"}'>
				{{foreach range( 1, intval( \IPS\Settings::i()->reviews_rating_out_of ) ) as $i}}
					<li class='{{if $review->mapped('rating') >= $i}}ipsRating_on{{else}}ipsRating_off{{endif}}'>
						{{if $review->mapped('rating') === $i}}<span itemprop='ratingValue' class='ipsHide'>{$i}</span>{{endif}}
						<i class='fa fa-star'></i>
					</li>
				{{endforeach}}
			</ul>&nbsp;&nbsp; {{if $review->mapped('votes_total')}}<strong class='ipsType_medium'>{$review->helpfulLine()|raw}</strong><br>{{endif}}
		</div>
	</div>
	<div class='ipsPad'>
		<div id="review-{$review->id}" data-role="commentContent" class="ipsType_richText ipsType_break ipsContained" itemprop="reviewBody" data-controller='core.front.core.lightboxedImages'>
			{$review->content()|raw}
		</div>

		{{if $review->hidden() !== 1}}
			{{if member.member_id and ( !$review->mapped('votes_data') or !array_key_exists( member.member_id, json_decode( $review->mapped('votes_data'), TRUE ) ) ) and $review->author()->member_id != \IPS\Member::loggedIn()->member_id}}
				<span class='ipsType_medium'><strong>{lang="did_you_find_this_helpful"}</strong> &nbsp;&nbsp;&nbsp;<a href='{$review->url('rate')->setQueryString( 'helpful', TRUE )->csrf()}' class='ipsButton ipsButton_verySmall ipsButton_light' data-action="rateReview"><i class='fa fa-check'></i> {lang="yes"}</a> <a href='{$review->url('rate')->setQueryString( 'helpful', FALSE )->csrf()}' class='ipsButton ipsButton_verySmall ipsButton_light' data-action="rateReview"><i class='fa fa-times'></i> {lang="no"}</a></span>
				<br class='ipsClear'>
			{{endif}}
			
			{{if $review instanceof \IPS\Content\Reputation and settings.reputation_enabled}}
				{template="reputation" group="global" app="core" params="$review, 'ipsPos_right ipsResponsive_noFloat'"}
			{{endif}}
		{{endif}}

		{{if ( member.member_id and ( !$review->mapped('votes_data') or !array_key_exists( member.member_id, json_decode( $review->mapped('votes_data'), TRUE ) ) ) ) || $review->canEdit() || $review->canDelete() || $review->canHide() || $review->canUnhide()}}
			{{if $review->canEdit() || $review->canDelete() || $review->canHide() || $review->canUnhide()}}
				<ul class='ipsComment_controls ipsClearfix' data-role="commentControls">
					{{if $review->hidden() === 1 && ( $review->canUnhide() || $review->canDelete() )}}
						{{if $review->canUnhide()}}
							<li><a href='{$review->url('unhide')->csrf()}' class='ipsButton ipsButton_verySmall ipsButton_positive' data-action='approve'><i class='fa fa-check'></i> {lang="approve"}</a></li>
						{{endif}}
						{{if $review->canDelete()}}
							<li><a href='{$review->url('delete')->csrf()}' data-confirm data-action='deleteComment' data-updateOnDelete="#commentCount" class='ipsButton ipsButton_verySmall ipsButton_negative'><i class='fa fa-times'></i> {lang="delete"}</a></li>
						{{endif}}
						{{if $review->canEdit() || $review->canSplit()}}
							<li>
								<a href='#elControls_{$review->id}_menu' id='elControls_{$review->id}' data-ipsMenu data-ipsMenu-appendTo='#comment-{$review->id}_wrap'>{lang="options"} &nbsp;<i class='fa fa-caret-down'></i></a>
								<ul id='elControls_{$review->id}_menu' class='ipsMenu ipsMenu_narrow ipsHide'>
									{{if $review->canEdit()}}
										{{if $review->mapped('first') and $review->item()->canEdit()}}
											<li class='ipsMenu_item'><a href='{$review->item()->url()->setQueryString( 'do', 'edit' )}'>{lang="edit"}</a></li>
										{{else}}
											<li class='ipsMenu_item'><a href='{$review->url('edit')}' data-action='editComment'>{lang="edit"}</a></li>
										{{endif}}
									{{endif}}
									{{if $review->canSplit()}}
										<li class='ipsMenu_item'><a href='{$review->url('split')}' data-action='splitComment' data-ipsDialog data-ipsDialog-title="{lang="split_to_new" sprintf="\IPS\Member::loggedIn()->language()->addToStack( $item::$title )"}">{lang="split"}</a></li>
									{{endif}}
								</ul>
							</li>
						{{endif}}
					{{else}}
						{{if $review->canEdit()}}
							<li><a href='{$review->url('edit')}' data-action='editComment'>{lang="edit"}</a></li>
						{{endif}}	
						{{if $review->canDelete() || $review->canHide() || $review->canUnhide()}}
							<li>
								<a href='#elControls_review{$review->id}_menu' id='elControls_review{$review->id}' data-ipsMenu data-ipsMenu-appendTo='#review-{$review->id}_wrap'>{lang="options"} &nbsp;<i class='fa fa-caret-down'></i></a>
								<ul id='elControls_review{$review->id}_menu' class='ipsMenu ipsMenu_narrow ipsHide'>
									{{if $review instanceof \IPS\Content\Hideable}}
										{{if !$review->hidden() and $review->canHide()}}
											<li class='ipsMenu_item'><a href='{$review->url('hide')->csrf()}' data-ipsDialog data-ipsDialog-title="{lang="hide"}">{lang="hide"}</a></li>
										{{elseif $review->hidden() and $review->canUnhide()}}
											<li class='ipsMenu_item'><a href='{$review->url('unhide')->csrf()}'>{lang="unhide"}</a></li>
										{{endif}}
									{{endif}}
									{{if $review->canDelete()}}
										<li class='ipsMenu_item'><a href='{$review->url('delete')->csrf()}' data-confirm data-action='deleteComment' data-updateOnDelete="#reviewCount">{lang="delete"}</a></li>
									{{endif}}
								</ul>
							</li>
						{{endif}}
					{{endif}}
					<li class='ipsHide' data-role='commentLoading'>
						<span class='ipsLoading ipsLoading_tiny ipsLoading_noAnim'></span>
					</li>
				</ul>
			{{endif}}
		{{endif}}
	</div>
	
	<div class='ipsMenu ipsMenu_wide ipsHide cPostShareMenu' id='elShareComment_{$review->id}_menu'>
		<div class='ipsPad'>
			<h4 class='ipsType_sectionHead'>{lang="share_this_review"}</h4>
			<hr class='ipsHr'>
			<h5 class='ipsType_normal ipsType_reset'>{lang="link_to_review"}</h5>
			<input type='text' value='{$review->item()->url()->setQueryString( array( 'do' => 'findReview', 'review' => $review->id ) )}' class='ipsField_fullWidth'>
		</div>
	</div>
</div>]]></template>
 <template template_key="database_display_reviewContainer" template_title="reviewContainer" template_desc="" template_location="database" template_group="display" template_params="$item, $review" template_app="" template_type="template"><![CDATA[{{if $review->isIgnored()}}
	<div class='ipsComment ipsComment_ignored ipsPad_half ipsType_light'>
		{lang="ignoring_content" sprintf="$review->author()->name"}
	</div>
{{else}}
	<article itemscope="" itemtype="http://schema.org/Comment" id="elComment_115" class="ipsComment ipsComment_parent ipsClearfix ipsClear {{if $review->hidden()}}ipsModerated{{endif}}">
		<a id="review-{$review->id}"></a>
		{template="review" location="database" group="display" app="cms" params="$item, $review, $item::$formLangPrefix . 'review', $item::$application, $item::$module"}
	</article>
{{endif}}]]></template>
 <template template_key="database_display_reviews" template_title="reviews" template_desc="" template_location="database" template_group="display" template_params="$record" template_app="" template_type="template"><![CDATA[<div data-controller='core.front.core.commentFeed' data-commentsType='reviews' data-baseURL='{$record->url()}' {{if $record->isLastPage('reviews')}}data-lastPage{{endif}} data-feedID='records{$record::$customDatabaseId}-{$record->id}-reviews' id='reviews'>
	{{if $record->canReview()}}
		{{if $record->locked()}}
			<strong class='ipsType_warning'><i class='fa fa-info-circle'></i> {lang="item_locked_can_review"}</strong>
		{{endif}}
		<div id='elFileReviewForm'>
			{$record->reviewForm()|raw}
		</div>
	{{else}}
		{{if $record->locked()}}
			{template="commentUnavailable" group="forms" location="front" app="core" params="'item_locked_cannot_comment'"}
		{{elseif \IPS\Member::loggedin()->restrict_post}}
			{template="commentUnavailable" group="forms" location="front" app="core" params="'restricted_cannot_comment', \IPS\Member::loggedIn()->warnings(5,NULL,'rpa'), \IPS\Member::loggedIn()->restrict_post"}
		{{elseif $record->hasReviewed()}}
			<!-- Already reviewed -->
		{{elseif \IPS\Member::loggedIn()->restrict_post}}
			{template="reviewUnavailable" group="forms" location="front" app="core" params="'restricted_cannot_comment'"}
		{{elseif \IPS\Member::loggedIn()->members_bitoptions['unacknowledged_warnings']}}
			{template="reviewUnavailable" group="forms" location="front" app="core" params="'unacknowledged_warning_cannot_post', \IPS\Member::loggedIn()->warnings( 1, FALSE )"}
		{{endif}}
	{{endif}}
	{{if count( $record->reviews() )}}
		<hr class='ipsHr'>
		<div class="ipsClearfix ipsSpacer_both">
			{{if $record->reviewPageCount() > 1}}
				<div class="ipsPos_left ipsResponsive_noFloat">
					{$record->reviewPagination( array( 'tab', 'sort' ) )|raw}
				</div>
			{{endif}}
			<div class="ipsClearfix ipsPos_right ipsResponsive_hidePhone">
				<ul class="ipsButtonRow ipsClearfix">
					<li data-action="tableFilter">
						<a href="{$record->url()->setQueryString( array( 'd' => $record::$customDatabaseId, 'tab' => 'reviews', 'page' => 1, 'sort' => 'helpful' ) )}" class="{{if !isset( request.sort ) or request.sort != 'newest'}}ipsButtonRow_active{{endif}}" data-action="filterClick">{lang="most_helpful"}</a>
					</li>
					<li data-action="tableFilter">
						<a href="{$record->url()->setQueryString( array( 'd' => $record::$customDatabaseId, 'tab' => 'reviews', 'page' => 1, 'sort' => 'newest' ) )}" class="{{if isset( request.sort ) and request.sort == 'newest'}}ipsButtonRow_active{{endif}}" data-action="filterClick">{lang="newest"}</a>
					</li>
				</ul>
			</div>
		</div>
		
		<div data-role='commentFeed' data-controller='core.front.core.moderation'>
			<form action="{$record->url()->setQueryString( 'do', 'multimodReview' )}" method="post" data-ipsPageAction data-role='moderationTools'>
				{{$reviewCount=0; $timeLastRead = $record->timeLastRead(); $lined = FALSE;}}
				{{foreach $record->reviews() as $review}}
					{{if !$lined and $timeLastRead and $timeLastRead->getTimestamp() < $review->mapped('date')}}
						{{if $lined = TRUE and $reviewCount}}
							<hr class="ipsCommentUnreadSeperator">
						{{endif}}
					{{endif}}
					{{$reviewCount++;}}
					{$review->html()|raw}
				{{endforeach}}
				{template="commentMultimod" app="core" group="global" params="$record, 'review'"}
			</form>
		</div>
		{{if $record->reviewPageCount() > 1}}
			<div>
				{$record->reviewPagination( array( 'tab', 'sort' ) )|raw}
			</div>
		{{endif}}
	{{endif}}
</div>]]></template>
 <template template_key="database_form_recordForm" template_title="recordForm" template_desc="" template_location="database" template_group="form" template_params="$record, $category, $database, $page, $title, $hasModOptions, $id, $action, $elements, $hiddenValues, $actionButtons, $uploadField, $class=''" template_app="" template_type="template"><![CDATA[{{$modOptions = array( 'create_record_state', 'record_expiry_date', 'record_pinned', 'record_allow_comments', 'record_comment_cutoff', 'record_meta_keywords', 'record_meta_description' );}}
{template="pageHeader" if="!\IPS\Request::i()->isAjax()" group="global" app="core" params="\IPS\Member::loggedIn()->language()->addToStack( $title )"}
<form accept-charset='utf-8' class="ipsForm {$class}" data-ipsForm="true" action="{$action}" method="post" {{if $uploadField}}enctype="multipart/form-data"{{endif}}>
	<input type="hidden" name="{$id}_submitted" value="1">
	{{foreach $hiddenValues as $k => $v}}
		<input type="hidden" name="{$k}" value="{$v}">
	{{endforeach}}
	{{if $uploadField}}
		<input type="hidden" name="MAX_FILE_SIZE" value="{$uploadField}">
		<input type="hidden" name="plupload" value="{expression="md5( uniqid() )"}">
		<input type="hidden" name="content_record_form_container" value="{$category->_id}">
	{{endif}}

	<div class='ipsBox'>
		<h2 class='ipsType_sectionTitle ipsType_reset'>{lang="record_information" sprintf="$database->recordWord(1, TRUE)"}</h2>
		{{if count( $elements ) > 1}}
			{{if !empty( $errorTabs )}}
				<p class="ipsMessage ipsMessage_error ipsJS_show">{lang="tab_error"}</p>
			{{endif}}
			<div class='ipsTabs ipsTabs_contained ipsClearfix ipsJS_show' id='tabs_{$id}' data-ipsTabBar data-ipsTabBar-contentArea='#ipsTabs_content_{$id}'>
				<a href='#tabs_{$id}' data-action='expandTabs'><i class='fa fa-caret-down'></i></a>
				<ul role='tablist'>
					{{foreach $elements as $name => $content}}
						<li role='presentation'>
							<a href='#ipsTabs_tabs_{$id}_{$id}_tab_{$name}_panel' id='{$id}_tab_{$name}' class="ipsTabs_item">
								{lang="$name"}
							</a>
						</li>
					{{endforeach}}
				</ul>
			</div>
			<div id='ipsTabs_content_{$id}' class='ipsTabs_panels ipsTabs_contained'>
				{{foreach $elements as $name => $contents}}
					<div id='ipsTabs_tabs_{$id}_{$id}_tab_{$name}_panel' class="ipsTabs_panel ipsPad" aria-labelledby="{$id}_tab_{$name}" aria-hidden="false">

						{{if $hasModOptions && $name == 'topic_mainTab'}}
							<div class='ipsColumns ipsColumns_collapsePhone'>
								<div class='ipsColumn ipsColumn_fluid'>
						{{endif}}
							<ul class='ipsForm ipsForm_vertical'>
								{{if $inputName == 'content_field_' . $database->field_title and isset( $collection['record_static_furl_set'] ) and isset( $collection['record_static_furl'] )}}
									{template="customslug" app="cms" location="global" group="records" params="$collection, $input, $category, $page, $database, $record"}
								{{endif}}
								{{if !in_array( $inputName, $modOptions ) and $inputName !== 'record_static_furl_set' and $inputName !== 'record_static_furl'}}
									{$input|raw}
								{{endif}}
							</ul>
						{{if $hasModOptions && $name == 'topic_mainTab'}}
								</div>
								<div class='ipsColumn ipsColumn_wide'>
									<div class='ipsPad ipsAreaBackground_light'>
									<h3 class='ipsType_sectionHead'>{lang="cms_moderator_options"}</h3>
										<ul class='ipsForm ipsForm_vertical ipsSpacer_top'>
											{{foreach $elements as $collection}}
												{{foreach $collection as $inputName => $input}}
													{{if in_array( $inputName, $modOptions )}}
														{{if $inputName == 'record_expiry_date' or $inputName == 'record_comment_cutoff'}}
															<li class='ipsFieldRow ipsClearfix'>
																<label class="ipsFieldRow_label" for="{inputName}">{lang="$input->name"}</label>
																<ul class='ipsFieldRow_content ipsList_reset cCreateTopic_date'>
																	<li>
																		<i class='fa fa-calendar'></i>
																		<input type="date" name="{$input->name}" value="" class="ipsField_short" data-control="date" placeholder='{expression="mb_strtoupper( str_replace( 'y', 'yy', \IPS\Member::loggedIn()->language()->preferredDateFormat() ) )"}'>
																	</li>
																	<li>
																		<i class='fa fa-clock-o'></i>
																		<input name="{$input->name}_time" type="time" size="12" class="ipsField_short" placeholder="HH:MM" step="60" min="00:00">
																	</li>
																</ul>
															</li>
														{{else}}
															{$input|raw}
														{{endif}}
													{{endif}}
												{{endforeach}}
											{{endforeach}}
										</ul>
									</div>
								</div>
							</div>
						{{endif}}
					</div>
				{{endforeach}}
			</div>		
		{{else}}
			<div class='ipsPad'>
				{{if $hasModOptions}}
					<div class='ipsColumns ipsColumns_collapsePhone'>
						<div class='ipsColumn ipsColumn_fluid'>
				{{endif}}
					<ul class='ipsForm ipsForm_vertical'>
						{{foreach $elements as $collection}}
							{{foreach $collection as $inputName => $input}}
								{{if $inputName == 'content_field_' . $database->field_title and isset( $collection['record_static_furl_set'] ) and isset( $collection['record_static_furl'] )}}
									{template="customslug" app="cms" location="global" group="records" params="$collection, $input, $category, $page, $database, $record"}
								{{endif}}
								{{if !in_array( $inputName, $modOptions ) and $inputName !== 'record_static_furl_set' and $inputName !== 'record_static_furl'}}
									{$input|raw}
								{{endif}}
							{{endforeach}}
						{{endforeach}}
					</ul>
				{{if $hasModOptions}}
						</div>
						<div class='ipsColumn ipsColumn_wide'>
							<div class='ipsPad ipsAreaBackground_light'>
							<h3 class='ipsType_sectionHead'>{lang="topic_moderator_options"}</h3>
								<ul class='ipsForm ipsForm_vertical ipsSpacer_top'>
									{{foreach $elements as $collection}}
										{{foreach $collection as $inputName => $input}}
											{{if in_array( $inputName, $modOptions )}}
												{{if $inputName == 'record_expiry_date' or $inputName == 'record_comment_cutoff'}}
													<li class='ipsFieldRow ipsClearfix'>
														<label class="ipsFieldRow_label" for="{inputName}">{lang="$input->name"}</label>
														<ul class='ipsFieldRow_content ipsList_reset cCreateTopic_date'>
															<li>
																<i class='fa fa-calendar'></i>
																<input type="date" name="{$input->name}" value="" class="ipsField_short" data-control="date" placeholder='{expression="mb_strtoupper( str_replace( 'y', 'yy', \IPS\Member::loggedIn()->language()->preferredDateFormat() ) )"}'>
															</li>
															<li>
																<i class='fa fa-clock-o'></i>
																<input name="{$input->name}_time" type="time" size="12" class="ipsField_short" placeholder="HH:MM" step="60" min="00:00">
															</li>
														</ul>
													</li>
												{{else}}
													{$input|raw}
												{{endif}}
											{{endif}}
										{{endforeach}}
									{{endforeach}}
								</ul>
							</div>
						</div>
					</div>
				{{endif}}
			</div>
		{{endif}}
		<div class='ipsAreaBackground ipsPad ipsType_center'>
			<button type='submit' class='ipsButton ipsButton_large ipsButton_primary'>{lang="content_record_form_save"}</button>
		</div>
	</div>
</form>]]></template>
 <template template_key="database_listing_categoryFooter" template_title="categoryFooter" template_desc="" template_location="database" template_group="listing" template_params="$category, $table, $activeFilters" template_app="" template_type="template"><![CDATA[
{{if ! \IPS\Request::i()->isAjax() AND ! isset( \IPS\Request::i()->advancedSearchForm ) AND $category->show_records}}
	<ul class="ipsToolList ipsToolList_horizontal ipsClearfix ipsSpacer_both ipsResponsive_showPhone ipsResponsive_block">
		{{if $category->can('add')}}
			<li class='ipsToolList_primaryAction'>
				<a class="ipsButton ipsButton_medium ipsButton_important ipsButton_fullWidth" href="{$category->url()->setQueryString( array( 'do' => 'form', 'd' => \IPS\cms\Databases\Dispatcher::i()->databaseId ) )}">{lang="cms_add_new_record_button" sprintf="\IPS\cms\Databases::load( $category->database_id )->recordWord( 1 )"}</a>
			</li>
		{{endif}}
		{{if \IPS\Member::loggedIn()->member_id}}
			<li>
				<a class="ipsButton ipsButton_medium ipsButton_fullWidth ipsButton_link" href="{$category->url()->setQueryString( 'do', 'markRead' )->csrf()}"><i class="fa fa-check"></i> {lang="cms_mark_read"}</a>
			</li>
		{{endif}}
	</ul>
{{endif}}

{{if !\IPS\Request::i()->advancedSearchForm}}
	<div class="ipsResponsive_showPhone ipsResponsive_block ipsSpacer ipsSpacer_both ipsClearfix">
		{template="follow" app="core" group="global" params="'cms','categories' . $category->database_id, $category->_id, \IPS\cms\Records::containerFollowerCount( $category )"}
	</div>
{{endif}}
]]></template>
 <template template_key="database_listing_categoryHeader" template_title="categoryHeader" template_desc="" template_location="database" template_group="listing" template_params="$category, $table, $activeFilters" template_app="" template_type="template"><![CDATA[
{{if !\IPS\Request::i()->advancedSearchForm}}
	<div class="ipsPageHeader ipsClearfix ipsSpacer_bottom">
		<div class='ipsPos_right ipsResponsive_noFloat ipsResponsive_hidePhone'>
			{template="follow" app="core" group="global" params="'cms','categories' . $category->database_id, $category->_id, \IPS\cms\Records::containerFollowerCount( $category )"}
		</div>
		<h1 class="ipsType_pageTitle">{$category->_title}</h1>
	</div>
	<div class='ipsType_richText ipsType_medium'>
		{$category->_description|raw}
	</div>
{{endif}}

{{if $category->hasChildren() AND ! isset( \IPS\Request::i()->advancedSearchForm )}}
	<div class="ipsBox ipsSpacer_bottom">
		<h2 class='ipsType_sectionTitle ipsType_reset'>{lang="content_subcategories_title"}</h2>
		<ol class="ipsDataList">
			{{foreach $category->children() as $cat}}
				{template="categoryRow" group="category_index" location="database" app="cms" params="$cat"}
			{{endforeach}}
		</ol>
	</div>
{{endif}}

{{if ! \IPS\Request::i()->isAjax() AND ! isset( \IPS\Request::i()->advancedSearchForm ) AND $category->show_records}}
	<ul class="ipsToolList ipsToolList_horizontal ipsClearfix ipsSpacer_both ipsResponsive_hidePhone">
		{{if $category->can('add')}}
			<li class='ipsToolList_primaryAction'>
				<a class="ipsButton ipsButton_medium ipsButton_important ipsButton_fullWidth" href="{$category->url()->setQueryString( array( 'do' => 'form', 'd' => \IPS\cms\Databases\Dispatcher::i()->databaseId ) )}">{lang="cms_add_new_record_button" sprintf="\IPS\cms\Databases::load( $category->database_id )->recordWord( 1 )"}</a>
			</li>
		{{endif}}
		{{if \IPS\Member::loggedIn()->member_id}}
			<li>
				<a class="ipsButton ipsButton_medium ipsButton_fullWidth ipsButton_link" href="{$category->url()->setQueryString( 'do', 'markRead' )->csrf()}"><i class="fa fa-check"></i> {lang="cms_mark_read"}</a>
			</li>
		{{endif}}
	</ul>
{{endif}}

{{if count( $activeFilters )  AND ! isset( \IPS\Request::i()->advancedSearchForm )}}
	{template="filterMessage" group="listing" location="database" app="cms" params="$activeFilters, $category"}
{{endif}}]]></template>
 <template template_key="database_listing_categoryTable" template_title="categoryTable" template_desc="" template_location="database" template_group="listing" template_params="$table, $headers, $rows, $quickSearch" template_app="" template_type="template"><![CDATA[<div class='ipsBox'  data-baseurl='{$table->baseUrl}' data-resort='{$table->resortKey}' data-controller='core.global.core.table{{if $table->canModerate()}},core.front.core.moderation{{endif}}'>
	
	{{if $table->title}}
		<h2 class='ipsType_sectionTitle ipsType_medium ipsType_reset ipsClear'>{lang="$table->title"}</h2>
	{{endif}}
	
	<div class="ipsButtonBar ipsPad_half ipsClearfix ipsClear">
		{{if $table->canModerate()}}
			<ul class="ipsButtonRow ipsPos_right ipsClearfix">
				<li>
					<a class="ipsJS_show" href="#elCheck_menu" id="elCheck_{$table->uniqueId}" title='{lang="{$table->langPrefix}select_rows_tooltip"}' data-ipsTooltip data-ipsAutoCheck data-ipsAutoCheck-context="#elTable_{$table->uniqueId}" data-ipsMenu data-ipsMenu-activeClass="ipsButtonRow_active">
						<span class="cAutoCheckIcon ipsType_medium"><i class="fa fa-square-o"></i></span> <i class="fa fa-caret-down"></i>
						<span class='ipsNotificationCount' data-role='autoCheckCount'>0</span>
					</a>
					<ul class="ipsMenu ipsMenu_auto ipsMenu_withStem ipsHide" id="elCheck_{$table->uniqueId}_menu">
						<li class="ipsMenu_title">{lang="{$table->langPrefix}select_rows"}</li>
						<li class="ipsMenu_item" data-ipsMenuValue="all"><a href="#">{lang="all"}</a></li>
						<li class="ipsMenu_item" data-ipsMenuValue="none"><a href="#">{lang="none"}</a></li>
						<li class="ipsMenu_sep"><hr></li>
						<li class="ipsMenu_item" data-ipsMenuValue="read"><a href="#">{lang="read"}</a></li>
						<li class="ipsMenu_item" data-ipsMenuValue="unread"><a href="#">{lang="unread"}</a></li>
						<li class="ipsMenu_item" data-ipsMenuValue="hidden"><a href="#">{lang="hidden"}</a></li>
						<li class="ipsMenu_item" data-ipsMenuValue="unapproved"><a href="#">{lang="unapproved"}</a></li>
						<li class="ipsMenu_item" data-ipsMenuValue="locked"><a href="#">{lang="locked"}</a></li>
						<li class="ipsMenu_item" data-ipsMenuValue="pinned"><a href="#">{lang="pinned"}</a></li>
						<li class="ipsMenu_item" data-ipsMenuValue="featured"><a href="#">{lang="featured"}</a></li>
					</ul>
				</li>
			</ul>
		{{endif}}
		<ul class="ipsButtonRow ipsPos_right ipsClearfix">
			{{if isset( $table->sortOptions ) and !empty( $table->sortOptions )}}
				<li>
					<a href="#elSortByMenu_menu" id="elSortByMenu_{$table->uniqueId}" data-role='sortButton' data-ipsMenu data-ipsMenu-activeClass="ipsButtonRow_active" data-ipsMenu-selectable="radio">{lang="sort_by"} <i class="fa fa-caret-down"></i></a>
					<ul class="ipsMenu ipsMenu_auto ipsMenu_withStem ipsMenu_selectable ipsHide" id="elSortByMenu_{$table->uniqueId}_menu">
						{{$custom = TRUE;}}
						{{foreach $table->sortOptions as $k => $col}}
							<li class="ipsMenu_item {{if $col === $table->sortBy}}{{$custom = FALSE;}}ipsMenu_itemChecked{{endif}}" data-ipsMenuValue="{$col}" data-sortDirection='{{if $col == 'title'}}asc{{else}}desc{{endif}}'><a href="{$table->baseUrl->setQueryString( array( 'filter' => $table->filter, 'sortby' => $col, 'sortdirection' => ( $col == 'title' ) ? 'asc' : 'desc', 'page' => '1' ) )}">{lang="{$table->langPrefix}sort_{$k}"}</a></li>
						{{endforeach}}
						{{if $table->advancedSearch}}
							<li class="ipsMenu_item {{if $custom}}ipsMenu_itemChecked{{endif}}" data-noSelect="true">
								<a href='{$table->baseUrl->setQueryString( array( 'advancedSearchForm' => '1', 'filter' => $table->filter, 'sortby' => $table->sortBy, 'sortdirection' => $table->sortDirection ) )}' data-ipsDialog data-ipsDialog-title='{lang="custom_sort"}'>{lang="custom"}</a>
							</li>
						{{endif}}
					</ul>
				</li>
			{{endif}}
			{{if !empty( $table->filters )}}
				<li>
					<a href="#elFilterByMenu_menu" data-role="tableFilterMenu" id="elFilterByMenu_{$table->uniqueId}" data-ipsMenu data-ipsMenu-activeClass="ipsButtonRow_active" data-ipsMenu-selectable="radio">{lang="filter_by"} <i class="fa fa-caret-down"></i></a>
					<ul class='ipsMenu ipsMenu_auto ipsMenu_withStem ipsMenu_selectable ipsHide' id='elFilterByMenu_{$table->uniqueId}_menu'>
						<li data-action="tableFilter" data-ipsMenuValue='' class='ipsMenu_item {{if !$table->filter}}ipsMenu_itemChecked{{endif}}'>
							<a href='{$table->baseUrl->setQueryString( array( 'filter' => '', 'sortby' => $table->sortBy, 'sortdirection' => $table->sortDirection, 'page' => '1' ) )}'>{lang="{$table->langPrefix}all"}</a>
						</li>
						{{foreach $table->filters as $k => $q}}
							<li data-action="tableFilter" data-ipsMenuValue='{$k}' class='ipsMenu_item {{if $k === $table->filter}}ipsMenu_itemChecked{{endif}}'>
								<a href='{$table->baseUrl->setQueryString( array( 'filter' => $k, 'sortby' => $table->sortBy, 'sortdirection' => $table->sortDirection, 'page' => '1' ) )}'>{lang="{$table->langPrefix}{$k}"}</a>
							</li>
						{{endforeach}}
					</ul>
				</li>
			{{endif}}
		</ul>
		{{if $table->pages > 1}}
			<div data-role="tablePagination">
				{template="pagination" group="global" app="core" location="global" params="$table->baseUrl, $table->pages, $table->page, $table->limit"}
			</div>
		{{endif}}
	</div>
	{{if $table->canModerate()}}
		<form action="{$table->baseUrl}" method="post" data-role='moderationTools' data-ipsPageAction>
	{{endif}}
			{{if ! count($rows)}}
				<div class="ipsPad">
					{lang="cms_no_records_to_show" sprintf="\IPS\cms\Databases::load( \IPS\cms\Databases\Dispatcher::i()->databaseId )->recordWord()"}
				</div>
			{{else}}
				<ol class='ipsDataList ipsDataList_zebra ipsClear cCmsListing {{foreach $table->classes as $class}}{$class} {{endforeach}}' id='elTable_{$table->uniqueId}' data-role="tableRows">
					{template="$table->rowsTemplate[1]" params="$table, $headers, $rows" object="$table->rowsTemplate[0]"}
				</ol>
			{{endif}}
			{{if $table->canModerate()}}
			<div class="ipsAreaBackground ipsPad ipsClearfix" data-role="pageActionOptions">
				<div class="ipsPos_right">
					<select name="modaction" data-role="moderationAction">
						{{if $table->canModerate('unhide')}}
							<option value='approve' data-icon='check-circle'>{lang="approve"}</option>
						{{endif}}
						{{if $table->canModerate('feature') or $table->canModerate('unfeature')}}
							<optgroup label="{lang="feature"}" data-icon='star' data-action='feature'>
								{{if $table->canModerate('feature')}}
									<option value='feature'>{lang="feature"}</option>
								{{endif}}
								{{if $table->canModerate('unhide')}}
									<option value='unfeature'>{lang="unfeature"}</option>
								{{endif}}
							</optgroup>
						{{endif}}
						{{if $table->canModerate('pin') or $table->canModerate('unpin')}}
							<optgroup label="{lang="pin"}" data-icon='thumb-tack' data-action='pin'>
								{{if $table->canModerate('pin')}}
									<option value='pin'>{lang="pin"}</option>
								{{endif}}
								{{if $table->canModerate('unpin')}}
									<option value='unpin'>{lang="unpin"}</option>
								{{endif}}
							</optgroup>
						{{endif}}
						{{if $table->canModerate('hide') or $table->canModerate('unhide')}}
							<optgroup label="{lang="hide"}" data-icon='eye' data-action='hide'>
								{{if $table->canModerate('hide')}}
									<option value='hide'>{lang="hide"}</option>
								{{endif}}
								{{if $table->canModerate('unhide')}}
									<option value='unhide'>{lang="unhide"}</option>
								{{endif}}
							</optgroup>
						{{endif}}
						{{if $table->canModerate('lock') or $table->canModerate('unlock')}}
							<optgroup label="{lang="lock"}" data-icon='lock' data-action='lock'>
								{{if $table->canModerate('lock')}}
									<option value='lock'>{lang="lock"}</option>
								{{endif}}
								{{if $table->canModerate('unlock')}}
									<option value='unlock'>{lang="unlock"}</option>
								{{endif}}
							</optgroup>
						{{endif}}
						{{if $table->canModerate('move')}}
							<option value='move' data-icon='arrow-right'>{lang="move"}</option>
						{{endif}}
						{{if $table->canModerate('split_merge')}}
							<option value='merge' data-icon='level-up'>{lang="merge"}</option>
						{{endif}}
						{{if $table->canModerate('delete')}}
							<option value='delete' data-icon='trash'>{lang="delete"}</option>
						{{endif}}
						{{if $table->canModerate('future_publish')}}
							<option data-icon="arrow-circle-o-up" value='publish'>{lang="publish"}</option>
						{{endif}}
						{{if $table->savedActions}}
							<optgroup label="{lang="saved_actions"}" data-icon='tasks' data-action='saved_actions'>
								{{foreach $table->savedActions as $k => $v}}
									<option value='savedAction-{$k}'>{$v}</option>
								{{endforeach}}
							</optgroup>
						{{endif}}
					</select>
					<button type="submit" class="ipsButton ipsButton_alternate ipsButton_verySmall">{lang="submit"}</button>
				</div>
			</div>
		</form>
	{{endif}}
	
	{{if $table->pages > 1}}
		<div class="ipsButtonBar ipsPad_half ipsClearfix ipsClear">
			<div data-role="tablePagination">
				{template="pagination" group="global" app="core" location="global" params="$table->baseUrl, $table->pages, $table->page, $table->limit, TRUE, $table->getPaginationKey()"}
			</div>
		</div>
	{{endif}}
</div>]]></template>
 <template template_key="database_listing_filterMessage" template_title="filterMessage" template_desc="" template_location="database" template_group="listing" template_params="$activeFilters, $category" template_app="" template_type="template"><![CDATA[<div class='ipsMessage ipsMessage_general'>
	<a href='{$category->url()->setQueryString( array( "do" => "clearFilters", 'd' => \IPS\cms\Databases\Dispatcher::i()->databaseId ) )}' class='ipsPos_right ipsButton ipsButton_veryLight ipsButton_verySmall'>{lang="cms_database_filtered_clear"}</a>
	{lang="cms_database_filtered_by"}
	{{foreach $activeFilters as $id => $data}}
		{$data['field']->_title} ({$data['value']})
	{{endforeach}}
</div>]]></template>
 <template template_key="database_listing_recordRow" template_title="recordRow" template_desc="" template_location="database" template_group="listing" template_params="$table, $headers, $rows" template_app="" template_type="template"><![CDATA[{{$rowIds = array();}}
{{foreach $rows as $row}}
	{{$idField = $row::$databaseColumnId;}}
	{{$rowIds[] = $row->$idField;}}
{{endforeach}}
{{$iposted = ( $table AND method_exists( $table, 'container' ) AND $table->container() !== NULL ) ? $table->container()->contentPostedIn( null, $rowIds ) : array();}}

{{foreach $rows as $row}}
	{{$idField = $row::$databaseColumnId;}}
	<li class="cCmsRecord_row ipsDataItem ipsDataItem_responsivePhoto {{if $row->unread()}}ipsDataItem_unread{{endif}} {{if method_exists( $row, 'tableClass' ) && $row->tableClass()}}ipsDataItem_{$row->tableClass()}{{endif}} {{if $row->hidden()}}ipsModerated{{endif}}" data-rowID='{$row->$idField}'>
		{{if member.member_id}}
			<div class='ipsDataItem_icon ipsPos_top'>
				{{if $row->unread()}}
					<a href='{$row->url( 'getNewComment' )}' title='{lang="first_unread_post"}' data-ipsTooltip>
						<span class='ipsItemStatus'><i class="fa {{if in_array( $row->$idField, $iposted )}}fa-star{{else}}fa-circle{{endif}}"></i></span>
					</a>
				{{else}}
					{{if in_array( $row->$idField, $iposted )}}
						<span class='ipsItemStatus ipsItemStatus_read ipsItemStatus_posted'><i class="fa fa-star"></i></span>
					{{else}}
						&nbsp;
					{{endif}}
				{{endif}}
			</div>
		{{endif}}
		<div class='ipsDataItem_main'>
			<h4 class='ipsDataItem_title ipsType_break'>
				{{if $row->locked()}}
					<i class='fa fa-lock' data-ipsTooltip title='{lang="content_locked_record"}'></i>
				{{endif}}
									
				{{if $row->prefix()}}
					{template="prefix" group="global" app="core" params="$row->prefix( TRUE ), $row->prefix()"}
				{{endif}}
				
				<a href='{$row->url()}'>
					{{if $row->_title}}{$row->_title}{{else}}<em class="ipsType_light">{lang="content_deleted"}</em>{{endif}}
				</a>
			</h4>
			{{if $row->isFutureDate() || $row->mapped('pinned') || $row->mapped('featured') || $row->hidden() === -1 || $row->hidden() === 1}}
				<span>
					{{if $row->isFutureDate()}}
						<span class="ipsBadge ipsBadge_icon ipsBadge_small ipsBadge_warning" data-ipsTooltip title='{$row->futureDateBlurb()}'><i class='fa fa-clock-o'></i></span>
					{{elseif $row->hidden() === -1}}
						<span class="ipsBadge ipsBadge_icon ipsBadge_small ipsBadge_warning" data-ipsTooltip title='{$row->hiddenBlurb()}'><i class='fa fa-eye-slash'></i></span>
					{{elseif $row->hidden() === 1}}
						<span class="ipsBadge ipsBadge_icon ipsBadge_small ipsBadge_warning" data-ipsTooltip title='{lang="pending_approval"}'><i class='fa fa-warning'></i></span>
					{{endif}}							
					{{if $row->mapped('pinned')}}
						<span class="ipsBadge ipsBadge_icon ipsBadge_small ipsBadge_positive" data-ipsTooltip title='{lang="pinned"}'><i class='fa fa-thumb-tack'></i></span>
					{{endif}}
					{{if $row->mapped('featured')}}
						<span class="ipsBadge ipsBadge_icon ipsBadge_small ipsBadge_positive" data-ipsTooltip title='{lang="featured"}'><i class='fa fa-star'></i></span>
					{{endif}}
				</span>
			{{endif}}
			{{if $row->commentPageCount() > 1}}
				{$row->commentPagination( array(), 'miniPagination' )|raw}
			{{endif}}
			{{if count( $row->customFieldsForDisplay('listing') )}}
				<div class='ipsDataItem_meta'>
				{{foreach $row->customFieldsForDisplay('listing') as $fieldId => $fieldValue}}
					{{if $fieldValue}}
						{$fieldValue|raw}
					{{endif}}
				{{endforeach}}
				</div>
			{{endif}}
			<div class='ipsDataItem_meta'>
				<p class='ipsType_reset ipsType_light'>{lang="byline" sprintf="$row->author()->name"}{datetime="$row->_publishDate"}</p>
			</div>
		</div>
		<ul class='ipsDataItem_stats'>
			{{foreach $row->stats(TRUE) as $k => $v}}
				<li {{if in_array( $k, $row->hotStats )}}class="ipsDataItem_stats_hot" data-text='{lang="hot_item"}' data-ipsTooltip title='{lang="hot_item_desc"}'{{endif}}>
					<span class='ipsDataItem_stats_number'>{number="$v"}</span>
					<span class='ipsDataItem_stats_type'>{lang="content_records_stat_{$k}" pluralize="$v"}</span>
				</li>
			{{endforeach}}
			{{if $row::database()->options['reviews']}}
				<li>
						<ul class='ipsList_inline ipsList_noSpacing_left ipsClearfix ipsRating ipsRating_large'>
							{{foreach range( 1, 5 ) as $i}}
								<li class='{{if $row->record_rating >= $i}}ipsRating_on{{else}}ipsRating_off{{endif}}'>
									<i class='fa fa-star'></i>
								</li>
							{{endforeach}}
						</ul>
					</li>
				</li>
			{{endif}}
		</ul>
		<ul class='ipsDataItem_lastPoster ipsDataItem_withPhoto'>
			<li>
				{{if $row->mapped('num_comments')}}
					{template="userPhoto" app="core" group="global" params="$row->lastCommenter(), 'tiny'"}
				{{else}}
					{template="userPhoto" app="core" group="global" params="$row->author(), 'tiny'"}
				{{endif}}
			</li>
			{{if $row::database()->options['reviews']}}
				<li>
					{{if $row->mapped('num_comments')}}
						{lang="cms_row_commented_by" htmlsprintf="$row->lastCommenter()->link()"}
					{{else}}
						{lang="cms_row_added_by" htmlsprintf="$row->author()->link()"}
					{{endif}}
				</li>
				
				<li class="ipsType_light">
					<a href='{$row->url( 'getLastComment' )}' title='{lang="get_last_post"}' class='ipsType_blendLinks'>
						{{if $row->mapped('num_comments')}}{datetime="$row->mapped('last_comment')"}{{else}}{datetime="$row->mapped('date')"}{{endif}}
					</a>
				</li>

				<!--<li class="ipsType_light">
					<ul class='ipsList_inline ipsList_noSpacing_left ipsClearfix ipsRating ipsRating_large'>
						{{foreach range( 1, 5 ) as $i}}
							<li class='{{if $row->record_rating >= $i}}ipsRating_on{{else}}ipsRating_off{{endif}}'>
								<i class='fa fa-star'></i>
							</li>
						{{endforeach}}
					</ul>
					&nbsp;&nbsp;
					<span class='ipsType_normal'>
						{{if $row->record_reviews}}
							<a href='{$row->url()->setQueryString( 'tab', 'reviews' )->setFragment('replies')}'>
						{{endif}}
						{lang="num_reviews" pluralize="$row->record_reviews"}
						{{if $row->record_reviews}}
							</a>
						{{endif}}
					</span>
				</li>-->
			{{else}}
				<li>
					{{if $row->mapped('num_comments')}}
						{$row->lastCommenter()->link()|raw}
					{{else}}
						{$row->author()->link()|raw}
					{{endif}}
				</li>
				<li class="ipsType_light">
					<a href='{$row->url( 'getLastComment' )}' title='{lang="get_last_post"}' class='ipsType_blendLinks'>
						{{if $row->mapped('last_comment')}}{datetime="$row->mapped('last_comment')"}{{else}}{datetime="$row->mapped('date')"}{{endif}}
					</a>
				</li>
			{{endif}}
		</ul>
		{{if $table and $table->canModerate()}}
			<div class='ipsDataItem_modCheck'>
				<input type='checkbox' data-role='moderation' name="moderate[{$row->$idField}]" data-actions="{expression="implode( ' ', $table->multimodActions( $row ) )"}" data-state='{{if $row->tableStates()}}{$row->tableStates()}{{endif}}'>
			</div>
		{{endif}}
	</li>
{{endforeach}}]]></template>
 <template template_key="page_page_builder_single_column" template_title="single_column" template_desc="" template_location="page" template_group="page_builder" template_params="$page, $widgets" template_app="" template_type="template"><![CDATA[<div>
	{template="widgetContainer" group="pages" app="cms" params="'col1', $widgets, 'horizontal'"}
</div>]]></template>
 <template template_key="page_page_builder_three_columns" template_title="three_columns" template_desc="" template_location="page" template_group="page_builder" template_params="$page, $widgets" template_app="" template_type="template"><![CDATA[<div>
	<div class='ipsGrid ipsGrid_collapsePhone'>
		<div class='ipsGrid_span4'>
			{template="widgetContainer" group="pages" app="cms" params="'col1', $widgets, 'vertical'"}
		</div>
		<div class='ipsGrid_span4'>
			{template="widgetContainer" group="pages" app="cms" params="'col2', $widgets, 'vertical'"}
		</div>
		<div class='ipsGrid_span4'>
			{template="widgetContainer" group="pages" app="cms" params="'col3', $widgets, 'vertical'"}
		</div>
	</div>
</div>]]></template>
 <template template_key="page_page_builder_two_columns" template_title="two_columns" template_desc="" template_location="page" template_group="page_builder" template_params="$page, $widgets" template_app="" template_type="template"><![CDATA[<div>
	<div class='ipsGrid ipsGrid_collapsePhone'>
		<div class='ipsGrid_span6'>
			{template="widgetContainer" group="pages" app="cms" params="'col1', $widgets, 'horizontal'"}
		</div>
		<div class='ipsGrid_span6'>
			{template="widgetContainer" group="pages" app="cms" params="'col2', $widgets, 'horizontal'"}
		</div>
	</div>
</div>]]></template>
</theme>
