{
    "10000": "1.0.0 Alpha 1",
    "10001": "1.0.0 Alpha 2",
    "10002": "1.0.0 Beta 1",
    "10003": "1.0.0 Beta 2",
    "10004": "1.0.0 RC 1",
    "10005": "1.0.0 RC 2",
    "10006": "1.0.0",
    "10007": "1.0.1",
    "11000": "1.1.0 Alpha 1",
    "11001": "1.1.0 Alpha 2",
    "11002": "1.1.0 Alpha 3",
    "11003": "1.1.0 Beta 1",
    "11004": "1.1.0 Beta 2",
    "11005": "1.1.0 Beta 3",
    "11006": "1.1.0",
    "11007": "1.1.1",
    "11008": "1.1.2",
    "12001": "1.2.0 Beta 1",
    "12002": "1.2.0 Beta 2",
    "12003": "1.2.0",
    "20000": "2.0.0 Alpha 1",
    "20001": "2.0.0 Beta 1",
    "20002": "2.0.0 Beta 2",
    "20003": "2.0.0 Beta 3",
    "20004": "2.0.0",
    "20005": "2.0.1",
    "20006": "2.0.2",
    "21000": "2.1.0 Beta 1",
    "21001": "2.1.0",
    "21002": "2.1.1",
    "21003": "2.1.2",
    "22000": "2.2.0 Beta 1",
    "22001": "2.2.0 Beta 2",
    "22002": "2.2.0",
    "22003": "2.2.1",
    "22004": "2.2.2",
    "23002": "2.3.0 Alpha 1",
    "23003": "2.3.0 Beta 1",
    "23004": "2.3.0 Beta 2",
    "23005": "2.3.0 Beta 3",
    "23006": "2.3.0",
    "23007": "2.3.1",
    "23008": "2.3.2",
    "23009": "2.3.3",
    "23010": "2.3.4",
    "23011": "2.3.5",
    "23012": "2.3.6",
    "40000": "4.0.0",
    "100000": "4.0.0 Beta 0",
    "100001": "4.0.0 Beta 1",
    "100002": "4.0.0 Beta 2",
    "100003": "4.0.0 Beta 3",
    "100004": "4.0.0 Beta 3a",
    "100005": "4.0.0 Beta 4",
    "100006": "4.0.0 Beta 4a",
    "100007": "4.0.0 Beta 4b",
    "100008": "4.0.0 Beta 5",
    "100009": "4.0.0 Beta 5a",
    "100010": "4.0.0 Beta 6",
    "100011": "4.0.0 Beta 7",
    "100012": "4.0.0 Beta 7a",
    "100013": "4.0.0 Beta 8",
    "100014": "4.0.0 RC1",
    "100015": "4.0.0 RC2",
    "100016": "4.0.0 RC3",
    "100017": "4.0.0 RC4",
    "100018": "4.0.0 RC5",
    "100019": "4.0.0 RC5a",
    "100020": "4.0.0 RC6",
    "100021": "4.0.0 RC7",
    "100022": "4.0.0 RC7a",
    "100023": "4.0.0",
    "100024": "4.0.1",
    "100025": "4.0.2",
    "100026": "4.0.3",
    "100027": "4.0.4"
}