[
    {
        "method": "addColumn",
        "params": [
            "core_groups",
            {
                "name": "g_blog_allowlocal",
                "type": "TINYINT",
                "length": 1,
                "null": false,
                "default": 0,
                "comment": "Can create blogs?",
                "unsigned": true
            }
        ]
    },
    {
        "method": "addColumn",
        "params": [
            "core_groups",
            {
                "name": "g_blog_maxblogs",
                "type": "INT",
                "length": 10,
                "null": false,
                "default": 0,
                "comment": "Maximum number of blogs",
                "unsigned": true
            }
        ]
    },
    {
        "method": "addColumn",
        "params": [
            "core_groups",
            {
                "name": "g_blog_allowprivate",
                "type": "TINYINT",
                "length": 1,
                "null": false,
                "default": 0,
                "comment": "Can create private blogs?",
                "unsigned": true
            }
        ]
    },
    {
        "method": "addColumn",
        "params": [
            "core_groups",
            {
                "name": "g_blog_allowownmod",
                "type": "TINYINT",
                "length": 1,
                "null": false,
                "default": 0,
                "comment": "Can moderate own blogs?",
                "unsigned": true
            }
        ]
    },
    {
        "method": "addColumn",
        "params": [
            "core_groups",
            {
                "name": "g_blog_allowdelete",
                "type": "TINYINT",
                "length": 1,
                "null": false,
                "default": 0,
                "comment": "Can delete own blogs?",
                "unsigned": true
            }
        ]
    },
    {
        "method": "addColumn",
        "params": [
            "core_groups",
            {
                "name": "g_blog_allowcomment",
                "type": "TINYINT",
                "length": 1,
                "null": false,
                "default": 0,
                "comment": "Can comment on blogs?",
                "unsigned": true
            }
        ]
    }
]