<?xml version="1.0" encoding="UTF-8"?>
<!DOCTYPE plist PUBLIC "-//Apple//DTD PLIST 1.0//EN" "http://www.apple.com/DTDs/PropertyList-1.0.dtd">
<plist version="1.0">
<dict>
	<key>author</key>
	<string></string>
	<key>comments</key>
	<string></string>
	<key>isUsingConstrainedLayout</key>
	<true/>
	<key>keywords</key>
	<string></string>
	<key>mindMap</key>
	<dict>
		<key>associations</key>
		<array>
			<dict>
				<key>endArrow</key>
				<integer>2</integer>
				<key>endNodeID</key>
				<string>9F63B5F8-C246-4410-95B8-807835CE3F35</string>
				<key>startArrow</key>
				<integer>0</integer>
				<key>startNodeID</key>
				<string>E4414E7E-7C82-4DE3-910B-F98F99D8E3E6</string>
				<key>strokeColor</key>
				<string>{0.997, 0.355, 0.184, 1.000}</string>
				<key>strokeStyle</key>
				<integer>3</integer>
				<key>strokeWidth</key>
				<real>2</real>
				<key>wayPointOffset</key>
				<string>{-9.1543, 56.4434}</string>
			</dict>
			<dict>
				<key>endArrow</key>
				<integer>2</integer>
				<key>endNodeID</key>
				<string>BFF21B43-CA0D-427D-9E03-D27B4A2053A3</string>
				<key>startArrow</key>
				<integer>0</integer>
				<key>startNodeID</key>
				<string>FB6EBAEB-6176-4000-852E-3391B4A34B44</string>
				<key>strokeColor</key>
				<string>{0.997, 0.355, 0.184, 1.000}</string>
				<key>strokeStyle</key>
				<integer>3</integer>
				<key>strokeWidth</key>
				<real>2</real>
				<key>wayPointOffset</key>
				<string>{-94.3325, 60.8008}</string>
			</dict>
			<dict>
				<key>endArrow</key>
				<integer>2</integer>
				<key>endNodeID</key>
				<string>D3939297-9F2F-412C-BE84-BE5B67964A8A</string>
				<key>startArrow</key>
				<integer>0</integer>
				<key>startNodeID</key>
				<string>BFF21B43-CA0D-427D-9E03-D27B4A2053A3</string>
				<key>strokeColor</key>
				<string>{0.997, 0.355, 0.184, 1.000}</string>
				<key>strokeStyle</key>
				<integer>3</integer>
				<key>strokeWidth</key>
				<real>2</real>
				<key>wayPointOffset</key>
				<string>{79.104, 51.8984}</string>
			</dict>
			<dict>
				<key>endArrow</key>
				<integer>2</integer>
				<key>endNodeID</key>
				<string>B5B29148-E4D7-4763-8ED5-86252DB2F66E</string>
				<key>startArrow</key>
				<integer>0</integer>
				<key>startNodeID</key>
				<string>D3939297-9F2F-412C-BE84-BE5B67964A8A</string>
				<key>strokeColor</key>
				<string>{0.997, 0.355, 0.184, 1.000}</string>
				<key>strokeStyle</key>
				<integer>3</integer>
				<key>strokeWidth</key>
				<real>2</real>
				<key>wayPointOffset</key>
				<string>{-84.9797, 39.5653}</string>
			</dict>
			<dict>
				<key>endArrow</key>
				<integer>2</integer>
				<key>endNodeID</key>
				<string>E4414E7E-7C82-4DE3-910B-F98F99D8E3E6</string>
				<key>startArrow</key>
				<integer>0</integer>
				<key>startNodeID</key>
				<string>18A6AB76-43B0-44A7-86DE-31624FD91E17</string>
				<key>strokeColor</key>
				<string>{0.997, 0.355, 0.184, 1.000}</string>
				<key>strokeStyle</key>
				<integer>3</integer>
				<key>strokeWidth</key>
				<real>2</real>
				<key>wayPointOffset</key>
				<string>{159.697, 13.9922}</string>
			</dict>
			<dict>
				<key>endArrow</key>
				<integer>2</integer>
				<key>endNodeID</key>
				<string>26BC02F4-5F8E-419F-AAF2-F34DCD62EA3E</string>
				<key>startArrow</key>
				<integer>0</integer>
				<key>startNodeID</key>
				<string>78A76504-2DFA-4F13-B075-9F3EFA942E76</string>
				<key>strokeColor</key>
				<string>{0.997, 0.355, 0.184, 1.000}</string>
				<key>strokeStyle</key>
				<integer>3</integer>
				<key>strokeWidth</key>
				<real>2</real>
				<key>wayPointOffset</key>
				<string>{-3.23137, -63.752}</string>
			</dict>
			<dict>
				<key>endArrow</key>
				<integer>2</integer>
				<key>endNodeID</key>
				<string>1DDFCF32-2F86-4411-9165-E8630B4DB314</string>
				<key>startArrow</key>
				<integer>0</integer>
				<key>startNodeID</key>
				<string>CE0DDEE1-3445-41D0-BB7F-599A1443A9CB</string>
				<key>strokeColor</key>
				<string>{0.997, 0.355, 0.184, 1.000}</string>
				<key>strokeStyle</key>
				<integer>3</integer>
				<key>strokeWidth</key>
				<real>2</real>
				<key>wayPointOffset</key>
				<string>{-32.6113, -48.3242}</string>
			</dict>
			<dict>
				<key>endArrow</key>
				<integer>2</integer>
				<key>endNodeID</key>
				<string>CE0DDEE1-3445-41D0-BB7F-599A1443A9CB</string>
				<key>startArrow</key>
				<integer>0</integer>
				<key>startNodeID</key>
				<string>26BC02F4-5F8E-419F-AAF2-F34DCD62EA3E</string>
				<key>strokeColor</key>
				<string>{0.997, 0.355, 0.184, 1.000}</string>
				<key>strokeStyle</key>
				<integer>3</integer>
				<key>strokeWidth</key>
				<real>2</real>
				<key>wayPointOffset</key>
				<string>{6.2763, -50.5293}</string>
			</dict>
			<dict>
				<key>endArrow</key>
				<integer>2</integer>
				<key>endNodeID</key>
				<string>18A6AB76-43B0-44A7-86DE-31624FD91E17</string>
				<key>startArrow</key>
				<integer>0</integer>
				<key>startNodeID</key>
				<string>1DDFCF32-2F86-4411-9165-E8630B4DB314</string>
				<key>strokeColor</key>
				<string>{0.997, 0.355, 0.184, 1.000}</string>
				<key>strokeStyle</key>
				<integer>3</integer>
				<key>strokeWidth</key>
				<real>2</real>
				<key>wayPointOffset</key>
				<string>{-6.49023, -46.5137}</string>
			</dict>
		</array>
		<key>color</key>
		<string>{0.956, 0.966, 0.956, 1.000}</string>
		<key>mainNodes</key>
		<array>
			<dict>
				<key>contentAlignment</key>
				<integer>1</integer>
				<key>fillColor</key>
				<string>{1.000, 1.000, 1.000, 1.000}</string>
				<key>isDecreasingBranchThickness</key>
				<true/>
				<key>isDrawingFill</key>
				<true/>
				<key>isLeftAligned</key>
				<false/>
				<key>location</key>
				<string>{-17.953125, -267.36328125}</string>
				<key>nodeID</key>
				<string>9F63B5F8-C246-4410-95B8-807835CE3F35</string>
				<key>strokeColor</key>
				<string>{0.965, 0.965, 0.965, 1.000}</string>
				<key>strokeStyle</key>
				<integer>0</integer>
				<key>strokeWidth</key>
				<real>2</real>
				<key>subnodes</key>
				<array>
					<dict>
						<key>contentAlignment</key>
						<integer>1</integer>
						<key>fillColor</key>
						<string>{1.000, 1.000, 1.000, 1.000}</string>
						<key>isDecreasingBranchThickness</key>
						<true/>
						<key>isDrawingFill</key>
						<false/>
						<key>isLeftAligned</key>
						<false/>
						<key>location</key>
						<string>{184.046875, -267.36328125}</string>
						<key>nodeID</key>
						<string>FB6EBAEB-6176-4000-852E-3391B4A34B44</string>
						<key>strokeColor</key>
						<string>{0.689, 0.215, 0.952, 1.000}</string>
						<key>strokeStyle</key>
						<integer>0</integer>
						<key>strokeWidth</key>
						<real>6</real>
						<key>subnodes</key>
						<array/>
						<key>title</key>
						<dict>
							<key>constrainedWidth</key>
							<integer>300</integer>
							<key>htmlText</key>
							<string>&lt;p style='color: rgba(91, 91, 91, 1.000000); font: 18px "PingFang SC"; -cocoa-font-postscriptname: "PingFangSC-Regular"; '&gt;item[]&lt;/p&gt;</string>
							<key>shrinkToFitContent</key>
							<integer>1</integer>
							<key>text</key>
							<string>{\rtf1\ansi\ansicpg936\cocoartf1404\cocoasubrtf470
{\fonttbl\f0\fnil\fcharset134 PingFangSC-Regular;}
{\colortbl;\red255\green255\blue255;\red91\green91\blue91;}
\pard\tx560\tx1120\tx1680\tx2240\tx2800\tx3360\tx3920\tx4480\tx5040\tx5600\tx6160\tx6720\pardirnatural

\f0\fs36 \cf2 item[]}</string>
						</dict>
					</dict>
				</array>
				<key>title</key>
				<dict>
					<key>constrainedWidth</key>
					<integer>300</integer>
					<key>htmlText</key>
					<string>&lt;p style='color: rgba(21, 122, 150, 1.000000); font: 21px "PingFang SC"; -cocoa-font-postscriptname: "PingFangSC-Light"; '&gt;__toString()&lt;/p&gt;</string>
					<key>shrinkToFitContent</key>
					<integer>1</integer>
					<key>text</key>
					<string>{\rtf1\ansi\ansicpg936\cocoartf1404\cocoasubrtf470
{\fonttbl\f0\fnil\fcharset134 PingFangSC-Light;}
{\colortbl;\red255\green255\blue255;\red22\green123\blue151;}
\pard\tx560\tx1120\tx1680\tx2240\tx2800\tx3360\tx3920\tx4480\tx5040\tx5600\tx6160\tx6720\pardirnatural

\f0\fs42 \cf2 __toString()}</string>
				</dict>
			</dict>
			<dict>
				<key>contentAlignment</key>
				<integer>1</integer>
				<key>fillColor</key>
				<string>{1.000, 1.000, 1.000, 1.000}</string>
				<key>isDecreasingBranchThickness</key>
				<true/>
				<key>isDrawingFill</key>
				<true/>
				<key>isLeftAligned</key>
				<false/>
				<key>location</key>
				<string>{-35.369487214359765, 26.165738131186799}</string>
				<key>nodeID</key>
				<string>B5B29148-E4D7-4763-8ED5-86252DB2F66E</string>
				<key>strokeColor</key>
				<string>{0.965, 0.965, 0.965, 1.000}</string>
				<key>strokeStyle</key>
				<integer>0</integer>
				<key>strokeWidth</key>
				<real>2</real>
				<key>subnodes</key>
				<array/>
				<key>title</key>
				<dict>
					<key>constrainedWidth</key>
					<integer>300</integer>
					<key>htmlText</key>
					<string>&lt;p style='color: rgba(21, 122, 150, 1.000000); font: 21px "PingFang SC"; -cocoa-font-postscriptname: "PingFangSC-Light"; '&gt;_applyFilter()&lt;/p&gt;</string>
					<key>shrinkToFitContent</key>
					<integer>1</integer>
					<key>text</key>
					<string>{\rtf1\ansi\ansicpg936\cocoartf1404\cocoasubrtf470
{\fonttbl\f0\fnil\fcharset134 PingFangSC-Light;}
{\colortbl;\red255\green255\blue255;\red22\green123\blue151;}
\pard\tx560\tx1120\tx1680\tx2240\tx2800\tx3360\tx3920\tx4480\tx5040\tx5600\tx6160\tx6720\pardirnatural

\f0\fs42 \cf2 _applyFilter()}</string>
				</dict>
			</dict>
			<dict>
				<key>contentAlignment</key>
				<integer>1</integer>
				<key>fillColor</key>
				<string>{1.000, 1.000, 1.000, 1.000}</string>
				<key>isDecreasingBranchThickness</key>
				<true/>
				<key>isDrawingFill</key>
				<true/>
				<key>isLeftAligned</key>
				<false/>
				<key>location</key>
				<string>{17.35546875, -380.25}</string>
				<key>nodeID</key>
				<string>E4414E7E-7C82-4DE3-910B-F98F99D8E3E6</string>
				<key>strokeColor</key>
				<string>{0.965, 0.965, 0.965, 1.000}</string>
				<key>strokeStyle</key>
				<integer>0</integer>
				<key>strokeWidth</key>
				<real>2</real>
				<key>subnodes</key>
				<array/>
				<key>title</key>
				<dict>
					<key>constrainedWidth</key>
					<integer>300</integer>
					<key>htmlText</key>
					<string>&lt;p style='color: rgba(21, 122, 150, 1.000000); font: 21px "PingFang SC"; text-align: left; -cocoa-font-postscriptname: "PingFangSC-Light"; '&gt;feed类&lt;/p&gt;</string>
					<key>shrinkToFitContent</key>
					<integer>1</integer>
					<key>text</key>
					<string>{\rtf1\ansi\ansicpg936\cocoartf1404\cocoasubrtf470
{\fonttbl\f0\fnil\fcharset134 PingFangSC-Light;}
{\colortbl;\red255\green255\blue255;\red22\green123\blue151;}
\pard\tx560\tx1120\tx1680\tx2240\tx2800\tx3360\tx3920\tx4480\tx5040\tx5600\tx6160\tx6720\pardirnatural

\f0\fs42 \cf2 feed\'c0\'e0}</string>
				</dict>
			</dict>
			<dict>
				<key>contentAlignment</key>
				<integer>1</integer>
				<key>fillColor</key>
				<string>{1.000, 1.000, 1.000, 1.000}</string>
				<key>isDecreasingBranchThickness</key>
				<true/>
				<key>isDrawingFill</key>
				<true/>
				<key>isLeftAligned</key>
				<false/>
				<key>location</key>
				<string>{163.08984375, -52.96484375}</string>
				<key>nodeID</key>
				<string>D3939297-9F2F-412C-BE84-BE5B67964A8A</string>
				<key>strokeColor</key>
				<string>{0.965, 0.965, 0.965, 1.000}</string>
				<key>strokeStyle</key>
				<integer>0</integer>
				<key>strokeWidth</key>
				<real>2</real>
				<key>subnodes</key>
				<array/>
				<key>title</key>
				<dict>
					<key>constrainedWidth</key>
					<integer>300</integer>
					<key>htmlText</key>
					<string>&lt;p style='color: rgba(21, 122, 150, 1.000000); font: 21px "PingFang SC"; text-align: left; -cocoa-font-postscriptname: "PingFangSC-Light"; '&gt;__get()&lt;/p&gt;</string>
					<key>shrinkToFitContent</key>
					<integer>1</integer>
					<key>text</key>
					<string>{\rtf1\ansi\ansicpg936\cocoartf1404\cocoasubrtf470
{\fonttbl\f0\fnil\fcharset134 PingFangSC-Light;}
{\colortbl;\red255\green255\blue255;\red22\green123\blue151;}
\pard\tx560\tx1120\tx1680\tx2240\tx2800\tx3360\tx3920\tx4480\tx5040\tx5600\tx6160\tx6720\pardirnatural

\f0\fs42 \cf2 __get()}</string>
				</dict>
			</dict>
			<dict>
				<key>contentAlignment</key>
				<integer>1</integer>
				<key>fillColor</key>
				<string>{1.000, 1.000, 1.000, 1.000}</string>
				<key>isDecreasingBranchThickness</key>
				<true/>
				<key>isDrawingFill</key>
				<true/>
				<key>isLeftAligned</key>
				<false/>
				<key>location</key>
				<string>{-15.11813196134483, -156.76171875}</string>
				<key>nodeID</key>
				<string>BFF21B43-CA0D-427D-9E03-D27B4A2053A3</string>
				<key>strokeColor</key>
				<string>{0.965, 0.965, 0.965, 1.000}</string>
				<key>strokeStyle</key>
				<integer>0</integer>
				<key>strokeWidth</key>
				<real>2</real>
				<key>subnodes</key>
				<array/>
				<key>title</key>
				<dict>
					<key>constrainedWidth</key>
					<integer>300</integer>
					<key>htmlText</key>
					<string>&lt;p style='color: rgba(21, 122, 150, 1.000000); font: 21px "PingFang SC"; -cocoa-font-postscriptname: "PingFangSC-Light"; '&gt;request类&lt;/p&gt;</string>
					<key>shrinkToFitContent</key>
					<integer>1</integer>
					<key>text</key>
					<string>{\rtf1\ansi\ansicpg936\cocoartf1404\cocoasubrtf470
{\fonttbl\f0\fnil\fcharset134 PingFangSC-Light;}
{\colortbl;\red255\green255\blue255;\red22\green123\blue151;}
\pard\tx560\tx1120\tx1680\tx2240\tx2800\tx3360\tx3920\tx4480\tx5040\tx5600\tx6160\tx6720\pardirnatural

\f0\fs42 \cf2 request\'c0\'e0}</string>
				</dict>
			</dict>
			<dict>
				<key>contentAlignment</key>
				<integer>1</integer>
				<key>fillColor</key>
				<string>{1.000, 1.000, 1.000, 1.000}</string>
				<key>isDecreasingBranchThickness</key>
				<true/>
				<key>isDrawingFill</key>
				<true/>
				<key>isLeftAligned</key>
				<false/>
				<key>location</key>
				<string>{-307.0390625, -408.234375}</string>
				<key>nodeID</key>
				<string>18A6AB76-43B0-44A7-86DE-31624FD91E17</string>
				<key>strokeColor</key>
				<string>{0.965, 0.965, 0.965, 1.000}</string>
				<key>strokeStyle</key>
				<integer>0</integer>
				<key>strokeWidth</key>
				<real>2</real>
				<key>subnodes</key>
				<array/>
				<key>title</key>
				<dict>
					<key>constrainedWidth</key>
					<integer>300</integer>
					<key>htmlText</key>
					<string>&lt;p style='color: rgba(21, 122, 150, 1.000000); font: 21px "PingFang SC"; text-align: left; -cocoa-font-postscriptname: "PingFangSC-Light"; '&gt;adapter属性&lt;/p&gt;</string>
					<key>shrinkToFitContent</key>
					<integer>1</integer>
					<key>text</key>
					<string>{\rtf1\ansi\ansicpg936\cocoartf1404\cocoasubrtf470
{\fonttbl\f0\fnil\fcharset134 PingFangSC-Light;}
{\colortbl;\red255\green255\blue255;\red22\green123\blue151;}
\pard\tx560\tx1120\tx1680\tx2240\tx2800\tx3360\tx3920\tx4480\tx5040\tx5600\tx6160\tx6720\pardirnatural

\f0\fs42 \cf2 adapter\'ca\'f4\'d0\'d4}</string>
				</dict>
			</dict>
			<dict>
				<key>contentAlignment</key>
				<integer>1</integer>
				<key>fillColor</key>
				<string>{1.000, 1.000, 1.000, 1.000}</string>
				<key>isDecreasingBranchThickness</key>
				<true/>
				<key>isDrawingFill</key>
				<true/>
				<key>isLeftAligned</key>
				<false/>
				<key>location</key>
				<string>{-304.42578125, -4.49609375}</string>
				<key>nodeID</key>
				<string>78A76504-2DFA-4F13-B075-9F3EFA942E76</string>
				<key>strokeColor</key>
				<string>{0.965, 0.965, 0.965, 1.000}</string>
				<key>strokeStyle</key>
				<integer>0</integer>
				<key>strokeWidth</key>
				<real>2</real>
				<key>subnodes</key>
				<array/>
				<key>title</key>
				<dict>
					<key>constrainedWidth</key>
					<integer>300</integer>
					<key>htmlText</key>
					<string>&lt;p style='color: rgba(21, 122, 150, 1.000000); font: 21px "PingFang SC"; -cocoa-font-postscriptname: "PingFangSC-Light"; '&gt;__typecho_config&lt;/p&gt;</string>
					<key>shrinkToFitContent</key>
					<integer>1</integer>
					<key>text</key>
					<string>{\rtf1\ansi\ansicpg936\cocoartf1404\cocoasubrtf470
{\fonttbl\f0\fnil\fcharset134 PingFangSC-Light;}
{\colortbl;\red255\green255\blue255;\red22\green123\blue151;}
\pard\tx560\tx1120\tx1680\tx2240\tx2800\tx3360\tx3920\tx4480\tx5040\tx5600\tx6160\tx6720\pardirnatural

\f0\fs42 \cf2 __typecho_config}</string>
				</dict>
			</dict>
			<dict>
				<key>contentAlignment</key>
				<integer>1</integer>
				<key>fillColor</key>
				<string>{1.000, 1.000, 1.000, 1.000}</string>
				<key>isDecreasingBranchThickness</key>
				<true/>
				<key>isDrawingFill</key>
				<true/>
				<key>isLeftAligned</key>
				<false/>
				<key>location</key>
				<string>{-361.88852831242269, -132}</string>
				<key>nodeID</key>
				<string>26BC02F4-5F8E-419F-AAF2-F34DCD62EA3E</string>
				<key>strokeColor</key>
				<string>{0.965, 0.965, 0.965, 1.000}</string>
				<key>strokeStyle</key>
				<integer>0</integer>
				<key>strokeWidth</key>
				<real>2</real>
				<key>subnodes</key>
				<array/>
				<key>title</key>
				<dict>
					<key>constrainedWidth</key>
					<integer>300</integer>
					<key>htmlText</key>
					<string>&lt;p style='color: rgba(21, 122, 150, 1.000000); font: 21px "PingFang SC"; text-align: left; -cocoa-font-postscriptname: "PingFangSC-Light"; '&gt;$config=unserialize(base64decode())&lt;/p&gt;</string>
					<key>shrinkToFitContent</key>
					<integer>1</integer>
					<key>text</key>
					<string>{\rtf1\ansi\ansicpg936\cocoartf1404\cocoasubrtf470
{\fonttbl\f0\fnil\fcharset134 PingFangSC-Light;}
{\colortbl;\red255\green255\blue255;\red22\green123\blue151;}
\pard\tx560\tx1120\tx1680\tx2240\tx2800\tx3360\tx3920\tx4480\tx5040\tx5600\tx6160\tx6720\pardirnatural

\f0\fs42 \cf2 $config=unserialize(base64decode())}</string>
				</dict>
			</dict>
			<dict>
				<key>contentAlignment</key>
				<integer>1</integer>
				<key>fillColor</key>
				<string>{1.000, 1.000, 1.000, 1.000}</string>
				<key>isDecreasingBranchThickness</key>
				<true/>
				<key>isDrawingFill</key>
				<true/>
				<key>isLeftAligned</key>
				<false/>
				<key>location</key>
				<string>{-286.8359375, -218.55859375}</string>
				<key>nodeID</key>
				<string>CE0DDEE1-3445-41D0-BB7F-599A1443A9CB</string>
				<key>strokeColor</key>
				<string>{0.965, 0.965, 0.965, 1.000}</string>
				<key>strokeStyle</key>
				<integer>0</integer>
				<key>strokeWidth</key>
				<real>2</real>
				<key>subnodes</key>
				<array/>
				<key>title</key>
				<dict>
					<key>constrainedWidth</key>
					<integer>300</integer>
					<key>htmlText</key>
					<string>&lt;p style='color: rgba(21, 122, 150, 1.000000); font: 21px "PingFang SC"; text-align: left; -cocoa-font-postscriptname: "PingFangSC-Light"; '&gt;config[‘adapter’]&lt;/p&gt;</string>
					<key>shrinkToFitContent</key>
					<integer>1</integer>
					<key>text</key>
					<string>{\rtf1\ansi\ansicpg936\cocoartf1404\cocoasubrtf470
{\fonttbl\f0\fnil\fcharset134 PingFangSC-Light;}
{\colortbl;\red255\green255\blue255;\red22\green123\blue151;}
\pard\tx560\tx1120\tx1680\tx2240\tx2800\tx3360\tx3920\tx4480\tx5040\tx5600\tx6160\tx6720\pardirnatural

\f0\fs42 \cf2 config[\'a1\'aeadapter\'a1\'af]}</string>
				</dict>
			</dict>
			<dict>
				<key>contentAlignment</key>
				<integer>1</integer>
				<key>fillColor</key>
				<string>{1.000, 1.000, 1.000, 1.000}</string>
				<key>isDecreasingBranchThickness</key>
				<true/>
				<key>isDrawingFill</key>
				<true/>
				<key>isLeftAligned</key>
				<false/>
				<key>location</key>
				<string>{-313.05859375, -315.20703125}</string>
				<key>nodeID</key>
				<string>1DDFCF32-2F86-4411-9165-E8630B4DB314</string>
				<key>strokeColor</key>
				<string>{0.965, 0.965, 0.965, 1.000}</string>
				<key>strokeStyle</key>
				<integer>0</integer>
				<key>strokeWidth</key>
				<real>2</real>
				<key>subnodes</key>
				<array/>
				<key>title</key>
				<dict>
					<key>constrainedWidth</key>
					<integer>300</integer>
					<key>htmlText</key>
					<string>&lt;p style='color: rgba(21, 122, 150, 1.000000); font: 21px "PingFang SC"; text-align: left; -cocoa-font-postscriptname: "PingFangSC-Light"; '&gt;db-&amp;gt;construct()&lt;/p&gt;</string>
					<key>shrinkToFitContent</key>
					<integer>1</integer>
					<key>text</key>
					<string>{\rtf1\ansi\ansicpg936\cocoartf1404\cocoasubrtf470
{\fonttbl\f0\fnil\fcharset134 PingFangSC-Light;}
{\colortbl;\red255\green255\blue255;\red22\green123\blue151;}
\pard\tx560\tx1120\tx1680\tx2240\tx2800\tx3360\tx3920\tx4480\tx5040\tx5600\tx6160\tx6720\pardirnatural

\f0\fs42 \cf2 db-&gt;construct()}</string>
				</dict>
			</dict>
		</array>
	</dict>
	<key>printInfo</key>
	<data>
	BAtzdHJlYW10eXBlZIHoA4QBQISEhAtOU1ByaW50SW5mbwGEhAhOU09iamVjdACFkoSE
	hBNOU011dGFibGVEaWN0aW9uYXJ5AISEDE5TRGljdGlvbmFyeQCUhAFpCJKEhIQITlNT
	dHJpbmcBlIQBKxZOU0hvcml6b250YWxseUNlbnRlcmVkhpKEhIQITlNOdW1iZXIAhIQH
	TlNWYWx1ZQCUhAEqhIQBY50BhpKEmZkNTlNSaWdodE1hcmdpboaShJuchIQBZp5IhpKE
	mZkMTlNMZWZ0TWFyZ2luhpKfkoSZmRVOU0hvcml6b25hbFBhZ2luYXRpb26GkoSbnISX
	lwKGkoSZmRROU1ZlcnRpY2FsUGFnaW5hdGlvboaShJucpJcAhpKEmZkUTlNWZXJ0aWNh
	bGx5Q2VudGVyZWSGkpqShJmZC05TVG9wTWFyZ2luhpKEm5ygnlqGkoSZmQ5OU0JvdHRv
	bU1hcmdpboaSqYaG
	</data>
	<key>title</key>
	<string>feed类</string>
	<key>version</key>
	<integer>4</integer>
</dict>
</plist>
