[
    {
        "method": "dropIndex",
        "params": [
            "calendar_events",
            "event_content"
        ]
    },
    {
        "method": "dropIndex",
        "params": [
            "calendar_events",
            "event_title"
        ]
    },
    {
        "method": "dropIndex",
        "params": [
            "calendar_event_comments",
            "comment_text"
        ]
    },
    {
        "method": "dropIndex",
        "params": [
            "calendar_event_reviews",
            "review_text"
        ]
    }
]