[
    {
        "method": "addColumn",
        "params": [
            "cms_database_categories",
            {
                "name": "category_template_listing",
                "type": "VARCHAR",
                "length": 250,
                "decimals": null,
                "values": [

                ],
                "allow_null": true,
                "default": null,
                "comment": "",
                "unsigned": false,
                "zerofill": false,
                "auto_increment": false,
                "binary": false
            }
        ]
    },
    {
        "method": "addColumn",
        "params": [
            "cms_database_categories",
            {
                "name": "category_template_display",
                "type": "VARCHAR",
                "length": 250,
                "decimals": null,
                "values": [

                ],
                "allow_null": true,
                "default": null,
                "comment": "",
                "unsigned": false,
                "zerofill": false,
                "auto_increment": false,
                "binary": false
            }
        ]
    }
]