[
    {
        "method": "changeColumn",
        "params": [
            "cms_templates",
            "template_params",
            {
                "name": "template_params",
                "type": "TEXT",
                "length": null,
                "decimals": null,
                "values": [

                ],
                "allow_null": true,
                "default": null,
                "comment": "",
                "unsigned": false,
                "zerofill": false,
                "auto_increment": false,
                "binary": false
            }
        ]
    }
]