[
    {
        "method": "addColumn",
        "params": [
            "cms_databases",
            {
                "name": "database_fixed_field_settings",
                "type": "MEDIUMTEXT",
                "length": null,
                "decimals": null,
                "values": [

                ],
                "allow_null": true,
                "default": null,
                "comment": "",
                "unsigned": false,
                "zerofill": false,
                "auto_increment": false,
                "binary": false
            }
        ]
    }
]