[
    {
        "method": "changeColumn",
        "params": [
            "blog_entries",
            "entry_name_seo",
            {
                "allow_null": true,
                "auto_increment": false,
                "binary": false,
                "comment": "",
                "decimals": null,
                "default": null,
                "length": 255,
                "name": "entry_name_seo",
                "type": "VARCHAR",
                "unsigned": false,
                "values": [

                ],
                "zerofill": false
            }
        ]
    }
]