{"app=calendar&module=calendars&controller=calendars":{"lang_key":"menu__calendar_calendars_calendars","restriction":"calendars_manage","keywords":["calendars"]},"app=calendar&module=calendars&controller=settings&searchResult=form_calendar_default_view":{"lang_key":"calendar_default_view","restriction":"settings_manage","keywords":["calendar layout"]},"app=calendar&module=calendars&controller=settings&searchResult=form_calendar_date_format":{"lang_key":"calendar_date_format","restriction":"settings_manage","keywords":["calendar date format"]},"app=calendar&module=calendars&controller=settings&searchResult=form_show_bday_calendar":{"lang_key":"show_bday_calendar","restriction":"settings_manage","keywords":["birthdays"]},"app=calendar&module=calendars&controller=settings&searchResult=form_ipb_calendar_mon":{"lang_key":"ipb_calendar_mon","restriction":"settings_manage","keywords":["monday","sunday","calendar start"]},"app=calendar&module=calendars&controller=settings&searchResult=form_calendar_rss_feed":{"lang_key":"calendar_rss_feed","restriction":"settings_manage","keywords":["calendar rss","events rss"]},"app=calendar&module=calendars&controller=ical":{"lang_key":"menu__calendar_calendars_ical","restriction":"calendar_feeds_manage","keywords":["iCal","calendar export","iCalendar","feeds"]}}