{
    "32000": "3.2.0 Beta 1",
    "32001": "3.2.0 Beta 2",
    "32003": "3.2.0",
    "32004": "3.2.1",
    "32005": "3.2.2",
    "33000": "3.3.0",
    "33001": "3.3.1",
    "33002": "3.3.2",
    "33003": "3.3.3",
    "33004": "3.3.4",
    "40000": "4.0.0",
    "100000": "4.0.0 Beta 0",
    "100001": "4.0.0 Beta 1",
    "100002": "4.0.0 Beta 2",
    "100003": "4.0.0 Beta 3",
    "100004": "4.0.0 Beta 3a",
    "100005": "4.0.0 Beta 4",
    "100006": "4.0.0 Beta 4a",
    "100007": "4.0.0 Beta 4b",
    "100008": "4.0.0 Beta 5",
    "100009": "4.0.0 Beta 5a",
    "100010": "4.0.0 Beta 6",
    "100011": "4.0.0 Beta 7",
    "100012": "4.0.0 Beta 7a",
    "100013": "4.0.0 Beta 8",
    "100014": "4.0.0 RC1",
    "100015": "4.0.0 RC2",
    "100016": "4.0.0 RC3",
    "100017": "4.0.0 RC4",
    "100018": "4.0.0 RC5",
    "100019": "4.0.0 RC5a",
    "100020": "4.0.0 RC6",
    "100021": "4.0.0 RC7",
    "100022": "4.0.0 RC7a",
    "100023": "4.0.0",
    "100024": "4.0.1",
    "100025": "4.0.2",
    "100026": "4.0.3",
    "100027": "4.0.4"
}